:020000040800F2
:1000000060390420A1020008E14F0008AB4000085D
:10001000494800080D100008E169000800000000D0
:10002000000000000000000000000000DD010008EA
:100030001B13000800000000390200083F590008A7
:10004000BB020008BB020008BB020008BB0200089C
:10005000BB020008BB020008BB020008BB0200088C
:10006000BB020008BB020008BB02000881110008A7
:1000700091110008A1110008B1110008C111000878
:10008000D1110008E1110008BB020008BB02000802
:10009000BB020008BB020008BB020008BB0200084C
:1000A000BB020008BB020008BB020008BB0200083C
:1000B000BB020008BB020008BB020008BB0200082C
:1000C000BB020008BB020008BB020008BB0200081C
:1000D000BB020008B9660008C9660008A9680008E4
:1000E000BB020008BB020008BB020008BB020008FC
:1000F000BB020008BB020008BB020008BB020008EC
:10010000BB020008BB020008BB020008BB020008DB
:10011000815B0008915B0008BB020008BB0200087D
:10012000BB020008F1110008BB020008BB02000876
:1001300001120008BB020008BB020008BB02000855
:10014000BB020008BB020008BB020008BB0200089B
:10015000BB020008BB020008BB020008CD69000812
:10016000BB020008BB020008BB020008BB0200087B
:10017000BB020008BB020008BB020008BB0200086B
:10018000BB020008BB020008A55B0008B55B0008C5
:10019000BB020008BB020008BB020008BB0200084B
:1001A000BB020008BB020008BB020008BB0200083B
:1001B000BB020008BB020008BB020008BB0200082B
:1001C000BB020008BB020008DFF80CD000F09AFB6D
:1001D00000480047C1730008603904202D4B19689E
:1001E0000868B0E8F04F80F30988BFF36F8F4FF0D5
:1001F000000080F311887047000000000848006884
:10020000006880F308884FF0000080F3148862B61D
:1002100061B6BFF34F8FBFF36F8F00DF00BF00BF2A
:1002200008ED00E0DFF80C00016841F470010160A6
:10023000704700BF88ED00E0EFF30980BFF36F8FD8
:10024000144B1A681EF0100F08BF20ED108A20E929
:10025000F04F106009B44FF0500072B680F311886F
:10026000BFF34F8FBFF36F8F62B608F057F94FF0AF
:10027000000080F3118809BC19680868B0E8F04FE5
:100280001EF0100F08BFB0EC108A80F30988BFF38E
:100290006F8F704710000020EFF30580704700005B
:1002A0000648804706480047FEE7FEE7FEE7FEE710
:1002B000FEE7FEE7FEE7FEE7FEE7FEE70D5A000871
:1002C000C90100082DE9F05F0546002092469B46D3
:1002D00088460646814640241BE02846414647465C
:1002E000224600F058FA53465A46C01A914110D39C
:1002F00011461846224600F03FFA2D1A67EB010816
:100300004F4622460120002100F036FA17EB000983
:100310004E41201EA4F10104DFDC484631462A4646
:100320004346BDE8F09FD2B201E000F8012B491E20
:10033000FBD270470022F6E710B513460A46044682
:100340001946FFF7F0FF204610BD2DE9FE4F80460D
:1003500081EA0300C00F0C46009021F0004123F019
:100360000045B8EB0200A94105D24046214690461F
:100370001C460B46024623F00040104347D0270D91
:10038000C7F30A00C3F30A510290401A01904028B3
:100390006BDAC3F3130040F4801B0098924620B13F
:1003A0000023D2EB030A63EB0B0B01985946C0F113
:1003B0004002504600F0E0F906460D4650465946C8
:1003C000019A00F0F8F910EB08006141002487EA77
:1003D000115284EAE7731A4340D0009A62B3019A3B
:1003E000012A4FEA075215DC001B61EB02014FF0B6
:1003F000004202EA0752CDE90042001C41F580119B
:1004000032462B4600F02FFA03B0BDE8F08F40468D
:100410002146F9E7001B61EB0201001C41F5801346
:1004200000185B412018A2F5001747EB030140EAD2
:10043000D570B6196D4111E06D084FEA360645EAF0
:10044000C0754FEA0752001B61EB0201001C41F529
:10045000801149084FEA30000019514132462B46BD
:1004600003B0BDE8F04F00F0EFB900980122400062
:100470000023D0EB020263EBE073009821464FEAC1
:10048000E074B8EB000061EB0401E9E783F000439E
:100490005BE781F0004158E72DE9FE4F81EA030454
:1004A00004F0004421F0004100944FF0000B23F0D1
:1004B000004350EA01045ED052EA03045BD0C3F368
:1004C0000A54C1F30A552C44A4F2F3340194A0FB5E
:1004D0000254C1F3130141F48011C3F3130343F435
:1004E000801301FB024400FB034E840A970A44EA8E
:1004F000815447EA8357A4FB076802958D0A05FBE0
:1005000007854FEA932C04FB0C542705029D4FEA04
:10051000065847EA1637B5EB08056EEB070C870E51
:10052000920E47EA811742EA8312A7FB0201B6EB5B
:100530000B0164EB00042B0D43EA0C335E1844EB13
:100540001C50DA465146E7FB0201C5F313044FEA9B
:100550000B3343EA14534FEA0432019C43EA060387
:10056000A4F10C040294009CCDE900B400F07BF9E6
:1005700003B0BDE8F08F00200146F9E72DE9F04D0A
:1005800081EA030404F0004B21F0004514464FF0CB
:10059000000A23F0004150EA050220D054EA01028B
:1005A0001DD0C5F30A570246C5F31303C1F3130068
:1005B000C1F30A5640F4801543F48013A7EB0608F4
:1005C000101BD64608F2FD3873EB050002D308F184
:1005D000010801E092185B41B8F1000F03DA002036
:1005E0000146BDE8F08D00204FF480110646844698
:1005F0000EE0171B73EB050705D3121B63EB050316
:1006000006434CEA010C49084FEA300092185B415E
:1006100050EA0107EDD152EA030012D082EA040049
:1006200083EA0501084305D0101BAB4106D2012225
:10063000002306E000224FF0004302E06FF00102C9
:1006400053101AEB06004CEB085110EB0A0041EB7B
:100650000B01BDE8F04D00F0F7B80EB5C10F80EA10
:10066000E0700844CA07002140F233438DE80E00D1
:100670000A460B4600F0F7F803B000BD70B5C1F3B1
:100680000A5201F000450024C1F3130140F2FF3388
:1006900041F480119A4201DA002070BD40F23343E8
:1006A0009A42A2F2334203DC524200F074F800E0B6
:1006B00090402C43F1D0404270BD00F0004230F039
:1006C00000400AD0C10D01F56071C0F3160042EA86
:1006D0000151C2084007114370470020014670478E
:1006E00030B5041E71F1000404DB4FF000444042B9
:1006F00064EB0101141E73F1000405DB1C464FF08E
:100700000043524263EB04038B4208BF824230BD78
:1007100030B5041E71F1000404DB4FF00044404288
:1007200064EB0101141E73F1000405DB1C464FF05D
:100730000043524263EB0403994208BF904230BD2C
:1007400001F0004330B421F0004150EA010206D02C
:100750000A0DA2F56072C1F31301002A02DC30BC5D
:1007600000207047440F44EAC104C100E01830BCC7
:1007700000EBC25000F031B8202A04DB203A00FA26
:1007800002F1002070479140C2F1200320FA03F3E8
:10079000194390407047202A04DB203A21FA02F0E6
:1007A0000021704721FA02F3D040C2F120029140AB
:1007B000084319467047202A06DBCB17203A41FA36
:1007C00002F043EAE07306E041FA02F3D040C2F1DE
:1007D000200291400843194670470029A8BF70477E
:1007E000401C490008BF20F00100704710B4B0FA67
:1007F00080FC00FA0CF050EA010404BF10BC704702
:1008000049B1CCF1200421FA04F411FA0CF118BF1B
:10081000012121430843A3EB0C01CB1D4FEA0061EA
:100820004FEA102042BF002010BC704700EBC350BD
:1008300010440029A4BF10BC7047401C490008BFE9
:1008400020F0010010BC704710B5141E73F10004B5
:1008500008DA401C41F1000192185B411A4301D1B2
:1008600020F0010010BD2DE9F04D92469B4611B1DC
:10087000B1FA81F202E0B0FA80F220329046FFF73E
:100880007BFF04460F4640EA0A0041EA0B0153464B
:100890005A46084313D0114653EA010019D0C8F153
:1008A00040025046FFF777FF05460E465046594630
:1008B0004246FFF761FF084305D0012004E02046CF
:1008C0003946BDE8F08D0020054346EAE0762C432A
:1008D00037430A986305E40AA0EB08000022FD0AEA
:1008E00044EA47540A3002D500200146E9E70105F1
:1008F00010196941DDE9084500196941BDE8F04D6D
:10090000A2E70000064C074D06E0E06840F0010356
:1009100094E8070098471034AC42F6D3FFF758FC30
:10092000FC8A00081C8B000870B58C1810F8015B5D
:1009300015F0070301D110F8013B2A1106D110F878
:10094000012B03E010F8016B01F8016B5B1EF9D17C
:100950002B0705D40023521E0DD401F8013BFAE702
:1009600010F8013BCB1A921C03E013F8015B01F86D
:10097000015B521EF9D5A142D8D3002070BD000002
:1009800010B52021064801F00FFA08B900F002F96D
:100990002021034801F008FA08B104F09BFD10BDC6
:1009A0000008024010B504460E48007855280ED1C4
:1009B0000C48407855280AD10A488078052806D185
:1009C0000848C078082802D1012007490870054866
:1009D000002101608180817107220146034803F0F4
:1009E00093FA10BDA6000020AD000020D41F002007
:1009F000FEB500260027022006F028F906F00EFAC0
:100A0000642007F079FC6248D0E904218069CDE9CF
:100A1000002102905E48443844300FC800F052FD77
:100A2000292006F00BF8332006F05AFC002581E05F
:100A300006F0F4F906F03EF9002462E00A2006F020
:100A4000D1FD022C08D0C5F13301102202FB141194
:100A5000C8B206F045FC23E01FB107F091F9064645
:100A600000E00026312E04D0322E06D0332E0CD1D9
:100A700007E0112006F034FC11E0122006F030FCF3
:100A80000DE0132006F02CFC09E00027C5F133012E
:100A9000102202FB1411C8B206F022FC00BF00BFF6
:100AA0006E2005F0CBFF00BF06F030FB0028FBD026
:100AB000322007F021FC092006F094FD642007F0A5
:100AC0001BFC292005F0BAFF04F14601C8B205F06D
:100AD000B5FF04F14901C8B205F0B0FF642007F08A
:100AE0000BFC0A2006F07EFD642007F005FC04F1F3
:100AF0004601C8B205F0A2FF292005F09FFF601C47
:100B0000C4B2032C9ADB022D00D116E02048D0E9B4
:100B100004128069CDE9001202901D484438443027
:100B20000FC800F0CFFC06F0C5F8642007F0E4FB26
:100B3000681CC5B2032DFFF67BAF00BF002005F097
:100B40007DFF012007F02EF9012818D1022007F0BF
:100B500029F9A0B900231A4619466FF0630004F082
:100B600063F908E0012007F01DF920B9022007F021
:100B700019F900B900E0F5E700BF04F029FA0120F7
:100B800006F064F806F096F8C82007F0B5FBFEBD45
:100B90007C02002010B5012006F024FD06F01AF9B1
:100BA00000F036FC00F0BAFB04F036FD04F07EFEE7
:100BB00004F050FA00F008F800F06CF8FFF718FFA6
:100BC00000F038F810BD00000EB51848D0E9041246
:100BD0008069CDE9001202901448503850300FC897
:100BE00000F070FC1248D0E91912C06ECDE9001275
:100BF00002900F4854300FC800F064FC0C48D0E954
:100C00001912C06ECDE900120290094854300FC885
:100C100000F058FC06F002F906F04CF8022006F04D
:100C200015F84FF4FA7007F067FB0EBD08030020BB
:100C3000B80100200EB5012005F000FF1448D0E9EE
:100C400004128069CDE900120290114850385030EA
:100C50000FC800F037FC0E487038D0E904128069E4
:100C6000CDE9001202900A48D03860300FC800F079
:100C700029FC07485438D0E904128069CDE90012F4
:100C800002900348C83874300FC800F01BFC0EBD3A
:100C9000080300202DE9FE430027B8460026D94866
:100CA000D0E904128069CDE900120290D548443899
:100CB00044300FC800F006FC002498E124B1012C58
:100CC0000CD0022C1ED113E0332005F0B7FE0C200F
:100CD00006F088FC322005F0B1FE13E0362005F066
:100CE000ADFE0C2006F07EFC352005F0A7FE09E0E5
:100CF000392005F0A3FE0C2006F074FC382005F026
:100D00009DFE00BF00BFC82007F0F6FA4FF00008B4
:100D1000002551E04FF4967007F0EEFA082006F037
:100D200061FC10E006F0F2FC01280CD106F0DEFCBC
:100D30000746022F02D14FF0010805E0032F02D130
:100D40004FF0000800E0EDE700BFB8F1000F01D060
:100D50002E4633E0022D1ED1002005F06FFE002349
:100D60001A46C821184604F05FF84FF4FA7007F0ED
:100D7000C3FA04F02DF9A448D0E904128069CDE942
:100D800000120290A048143814300FC800F09AFBEB
:100D900006F044F812E09B48D0E904128069CDE9DE
:100DA000001202909748443844300FC800F08AFB84
:100DB00005F080FF681CC5B2032DABDB00BFB8F1A6
:100DC000000F7CD024B1012C58D0022C55D1ADE0BD
:100DD00006F024F8332005F031FE0A2006F002FC6C
:100DE000642007F089FA342005F028FE092006F077
:100DF000F9FB642007F080FA332005F01FFE642021
:100E000007F07AFA022E1AD100231A46C821184692
:100E100004F00AF84FF4FA7007F06EFA04F0D8F80C
:100E20007948D0E904128069CDE900120290764831
:100E3000143814300FC800F045FB05F0EFFF022016
:100E400005F004FF05F036FF342005F0F7FD0A2019
:100E500006F0C8FB642007F04FFA332005F0EEFDE2
:100E60006848D0E904128069CDE900120290654813
:100E7000443844300FC800F025FBA0E005F0CEFF59
:100E8000362005F0DBFD0A2006F0ACFBC82007F099
:100E900033FA372005F0D2FD642007F02DFA09203F
:100EA00006F0A0FB642007F027FA362005F0C6FD07
:100EB000022E1CD100231A46C821184600E07FE00C
:100EC00003F0B2FF4FF4FA7007F016FA04F080F85E
:100ED0004D48D0E904128069CDE9001202904A48D9
:100EE000143814300FC800F0EDFA05F097FF022017
:100EF00005F0ACFE05F0DEFE372005F09FFD0A2070
:100F000006F070FB642007F0F7F9362005F096FD37
:100F10003C48D0E904128069CDE9001202903948BA
:100F2000443844300FC800F0CDFA48E005F076FFB1
:100F3000392005F083FD0A2006F054FBC82007F095
:100F4000DBF93A2005F07AFD642007F0D5F9092095
:100F500006F048FBFA2007F0CFF9392005F06EFDC6
:100F6000022E1AD100231A46C821184603F05CFF4E
:100F70004FF4FA7007F0C0F904F02AF82248D0E9DB
:100F800004128069CDE9001202901F481438143011
:100F90000FC800F097FA05F041FF022005F056FE59
:100FA00005F088FE3A2005F049FD0A2006F01AFBFC
:100FB000642007F0A1F9392005F040FD00BF14E0DE
:100FC000022005F043FE05F075FE0E48D0E904123C
:100FD0008069CDE9001202900A48443844300FC8B5
:100FE00000F070FA642007F087F9601CC4B2032C8B
:100FF000FFF664AE0A2006F0F5FA002005F01EFDAB
:10100000BDE8FE837C020020CC03002000BFFEE789
:1010100010B52DED028B4E4890ED030AB0EE408ADC
:1010200091E04C4800780328FAD0062006F0BAFE7A
:1010300001280BD1072006F0B5FE38B900234FF484
:1010400016721946444803F0EFFE32E0062006F01F
:10105000A9FE60B9072006F0A5FE012807D10023EC
:1010600040F29E2219463C4803F0DEFE21E00620B5
:1010700006F098FE58B9072006F094FE38B9002310
:1010800040F285221421344803F0CEFE11E0062000
:1010900006F088FE01280CD1072006F083FE012807
:1010A00007D100234FF416726FF02C012A4803F089
:1010B000BBFE2848007820B1012810D0022837D183
:1010C0001BE0234890ED030ADFED240AB4EEE00AAA
:1010D000F1EE10FA02D801201E49087029E01C48E0
:1010E00090ED030ADFED1E0AB4EEE00AF1EE10FA0D
:1010F00002DB0220174908701BE0B5EEC08AF1EE52
:1011000010FA0BDD124890ED030AB5EEC00AF1EEBD
:1011100010FA03D203200F49087008E00C4890ED44
:10112000030AB5EEC00AF1EE10FA00D001E000BFEC
:1011300000BF00BF07480078032804D103F048FF30
:1011400005F04AFF00E06CE700BFBDEC028B10BD6C
:1011500008270420A80C002070FEFFFF00002AC30F
:1011600000002A4310B510210348FFF7E3F80020E0
:101170000249087010BD0000522804209801002088
:1011800010B5024800F022FB10BD0000C42300206F
:1011900010B5024800F01AFB10BD000044250020E5
:1011A00010B5024800F012FB10BD0000042300201F
:1011B00010B5024800F00AFB10BD0000E424002036
:1011C00010B5024800F002FB10BD000064230020AF
:1011D00010B5024800F0FAFA10BD000024240020E7
:1011E00010B5024800F0F2FA10BD0000842400207F
:1011F00010B5024800F0EAFA10BD0000A425002056
:1012000010B5024800F0E2FA10BD0000641E002094
:101210000146087810381823B0FBF3F20848805CC8
:10122000C865032A05D908686FF30900001D8865A1
:1012300003E008686FF309008865886D7047000057
:10124000D48A0008014600208A6A8B69CBB932B182
:10125000012A0DD0022A03D0032A10D10EE000BFCC
:10126000CB6A03F08073B3F1807F00D1012007E0E7
:10127000CB6AB3F1C07F00D1012001E000E000BFE4
:1012800034E08B69B3F5005F1AD132B1012A07D07F
:10129000022A03D0032A11D10AE000BF01200EE088
:1012A000CB6A03F08073B3F1807F00D1012006E0A8
:1012B000CB6AB3F1C07F00D1012000E000BF15E090
:1012C00032B1012A05D0022A04D0032A0CD103E04E
:1012D00000BF00BF012008E0CB6A03F08073B3F1C8
:1012E000807F00D1012000E000BF00BF704730B513
:1012F0000468246824F4802405682C600468636012
:101300008468402C04D10468A2600468E16003E0B2
:101310000468A1600468E26030BD70470EB53A48C9
:10132000D0E91221006DCDE9002102903648383015
:101330000FC800F0C7F8642006F0DEFF3348D0E99C
:1013400004128069CDE90012029030483038303004
:101350000FC800F0B7F8642006F0CEFF2A48D0E9A5
:101360001221006DCDE900210290274838300FC8C6
:1013700000F0A8F8642006F0BFFF2348D0E9191256
:10138000C06ECDE9001202901F4854300FC800F023
:1013900099F8642006F0B0FF1B48D0E91921C06E0F
:1013A000CDE900210290184854300FC800F08AF8A7
:1013B000642006F0A1FF14487030D0E9041280695F
:1013C000CDE900120290104870300FC800F07AF892
:1013D00005F024FD05F06EFC642006F08DFF012071
:1013E00005F034FC4FF4967006F086FF0748383855
:1013F000D0E904128069CDE9001202900348383820
:101400000FC800F05FF80EBDB8010020E80300200F
:1014100070B5002500264FF4FA7006F06DFF012428
:101420003CE00A2005F00AFB4FF4FA7006F064FF76
:10143000042006F0D7F80CE006F068F9012808D17E
:1014400006F054F90546022D00D103E0032D00D12A
:101450002DE0F1E700BF0A2006F04EFF0B2005F05B
:10146000EDFA322006F048FF0A2006F0BBF84FF4F0
:10147000967006F041FF022C03D1012005F050FECA
:1014800007E000BF05F042FE0028FBD0012005F078
:1014900047FE322006F030FF601CC4B2082CC0DBCF
:1014A000002005F0CBFAC82006F026FF70BD0B2007
:1014B00005F0C4FA002005F0C1FA00BFF6E772B6E5
:1014C00000BFFEE70FB410B52DED068BBDF82C0064
:1014D000322110FB01F000B2ADF82C009DF8200085
:1014E000012806D002282DD0032860D0042828D156
:1014F00086E09DED090A10EE101A0846FFF7DDF8A8
:1015000041EC1A0B9FED480B53EC102BFFF736F80C
:1015100041EC190B9FED460B53EC102BFEF7BCFF73
:1015200041EC180BFFF70CF90990434804F044F81C
:10153000BDF92C00DDED090AB0EE600A002103F0D0
:10154000D9FA6BE09DED090A10EE101A0846FFF774
:10155000B4F841EC1A0B9FED340B53EC102BFFF752
:101560000DF841EC190B9FED320B53EC102BFEF7ED
:1015700093FF41EC180BFFF7E3F809902E4804F0B5
:101580001BF8DDED0E1AB0EE611A9DF83430DDED7A
:101590000C1AF0EE610A9DF82E20BDF92C00DDED4D
:1015A000091AB0EE610A002103F0F8FA36E09DED69
:1015B000090A10EE101A0846FFF77FF841EC1A0BE3
:1015C0009FED1E0B53EC102BFEF766FF41EC190B41
:1015D0009FED1C0B53EC102BFEF7B7FE41EC180BE4
:1015E000FFF7AEF80990144803F0E6FFBDF92C00B0
:1015F000DDED090AB0EE600A002103F0C1FB0DE049
:10160000642006F079FE0C4803F0D6FFDDED0A0AEF
:10161000B0EE600A002003F083F900BF00BFBDEC0C
:10162000068B10BC5DF814FB6766666666666F40E5
:1016300000000000008076404C0100209CC420B0D7
:101640007268F73FC520B07268111F4070B505463B
:101650000C4628782149087036204870687B8870CD
:1016600001201F49087012E0FFF77CFD1C4800783C
:1016700005F016FF4FF6FF7303221849194802F0D0
:10168000B6FC08B1FFF71BFF052006F035FE164833
:1016900000780128E8D11548C07800061349097977
:1016A00040EA01401149497940EA01200F4989790E
:1016B000084320604FF4B47120684843000C00EEEA
:1016C000100AB8EE400A84ED020AFFF74BFD002035
:1016D0000549087094ED020A70BD00009A010020CF
:1016E0008D010020F42100209901002052280420BF
:1016F00070B50446A56D00F05FFB064694F8350012
:10170000022808D08020606500BF002084F83400E3
:1017100000BF012070BD2068006820F0160021681D
:1017200008602068406920F0800021684861206CD2
:1017300008B9A06C28B12068006820F00800216872
:1017400008602068006820F001002168086010E04F
:1017500000F032FB801B05280BD920206065032098
:1017600084F8350000BF002084F8340000BF032057
:10177000D0E72068006800F001000028E8D194F864
:101780005C103F208840A860012084F8350000BF2D
:10179000002084F8340000BF00BFBBE7014691F889
:1017A0003500022803D080204865012070470520BD
:1017B00081F835000868006820F001000A681060B0
:1017C0000020F3E70146486D70470000F8B5044675
:1017D000002000908C4800684FF41651B0FBF1F7E0
:1017E000A56D2E6894F85C1008208840304098B1B0
:1017F0002068006800F0040070B12068006820F0E4
:1018000004002168086094F85C1008208840A860F3
:10181000606D40F00100606594F85C100120884024
:10182000304068B12068406900F0800040B194F811
:101830005C1001208840A860606D40F00200606587
:1018400094F85C1004208840304068B1206800683B
:1018500000F0020040B194F85C1004208840A860B9
:10186000606D40F00400606594F85C1010208840C2
:10187000304078B32068006800F0080050B394F856
:101880005C1010208840A8602068006800F4802068
:1018900080B12068006800F4002028B9206CC8B12D
:1018A0002046216C884715E0A06C98B12046A16CB9
:1018B00088470FE02068006800F4807028B920682D
:1018C000006820F0080021680860206C10B12046F4
:1018D000216C884794F85C10202088403040002814
:1018E00065D02068006800F0100000285FD094F8F0
:1018F0005C1020208840A86094F83500052828D185
:101900002068006820F0160021680860206840699F
:1019100020F0800021684861206C08B9A06C28B1D3
:101920002068006820F008002168086094F85C10C6
:101930003F208840A860012084F8350000BF0020C7
:1019400084F8340000BF206D10B12046216D884717
:10195000F8BD2068006800F4802080B1206800682D
:1019600000F4002028B9606C10B12046616C8847F3
:101970001DE0E06BD8B12046E16B884717E0206896
:10198000006800F4807068B92068006820F01000DA
:1019900021680860012084F8350000BF002084F829
:1019A000340000BFE06B10B12046E16B8847606DEA
:1019B00038B3606D00F00100F0B1052084F8350007
:1019C0002068006820F001002168086000BF0098CE
:1019D000401C0090B84200D905E02068006800F083
:1019E00001000028F3D100BF012084F8350000BFBA
:1019F000002084F8340000BFE06C10B12046E16C98
:101A0000884700BFA4E700000C0000202DE9F0414A
:101A10000446002500F0D0F9074614B90120BDE8BE
:101A2000F081606A00B100BF022084F8350000BF79
:101A3000002084F8340000BF2068006820F0010016
:101A4000216808600AE000F0B7F9C01B052805D935
:101A500020206065032084F83500E0E720680068F6
:101A600000F001000028EED12068056822480540FA
:101A7000D4E901010843E168084321690843616929
:101A80000843A1690843E1690843216A0843054303
:101A9000606A042803D1D4E90B0108430543206898
:101AA00005602068456925F00705606A0543606A9E
:101AB00004280ED1A06A0543E06A50B12046FFF722
:101AC000C1FB30B140206065002084F83500012062
:101AD000A5E7206845612046FFF79AFB064694F883
:101AE0005C103F208840B06000206065012084F8D1
:101AF0003500002093E700003F8010F02DE9F0470B
:101B000004460D4616461F464FF00008D4F858907C
:101B100000BF94F83400012802D10220BDE8F0870C
:101B2000012084F8340000BF94F8350001282BD13F
:101B3000022084F83500002060653B463246294685
:101B40002046FFF7D4FB94F85C103F208840C9F88A
:101B500008002068006840F01600216808602068CE
:101B6000406940F0800021684861206C28B12068FD
:101B7000006840F00800216808602068006840F0B4
:101B800001002168086006E000BF002084F83400EE
:101B900000BF4FF002084046C0E70000F8B502461B
:101BA0000B46002100250024002000BFDEE00126B6
:101BB00006FA01F51E6806EA0504AC4272D11E79E8
:101BC00006F00306012E04D01E7906F00306022E4D
:101BD00013D190684F000326BE40B0434F00DE682B
:101BE000BE4030439060506801268E40B0431E795D
:101BF000C6F300168E40304350601E7906F003068F
:101C0000032E09D0D0684F000326BE40B0434F00DA
:101C10009E68BE403043D0601E7906F00306022E57
:101C200013D1CF0802F1200656F827004E07F70E11
:101C30000F26BE40B0434F07FF0E1E69BE40304323
:101C4000CF0802F1200646F8270010684F0003264F
:101C5000BE40B0431E7906F003064F00BE4030433D
:101C600010605E6806F44036002E7ED000BF414E04
:101C7000366846F480463F4F3E603E46366806F47E
:101C80008046009600BF00BF3B4E8F0856F82700E5
:101C90008E07370F0F26BE40B043384EB24202D1F6
:101CA00000262EE061E0364EB24201D1012628E046
:101CB000344EB24201D1022623E0334EB24201D16A
:101CC00003261EE0314EB24201D1042619E0304E07
:101CD000B24201D1052614E02E4EB24201D10626B1
:101CE0000FE02D4EB24201D107260AE02B4EB24240
:101CF00001D1082605E02A4EB24201D1092600E0B2
:101D00000A268F073F0FBE4030431B4E8F0846F810
:101D10002700244E3068A0435E6806F4801606B1A2
:101D20002043204E3060361D3068A0435E6806F4C4
:101D3000001606B120431B4E361D3060194E361F6B
:101D40003068A0435E6806F4003606B12043154EA5
:101D5000361F3060361F3068A0435E6806F4803658
:101D600006B120430F4E083E3060491C1029FFF495
:101D70001EAFF8BD44380240083801400000024060
:101D80000004024000080240000C02400010024023
:101D90000014024000180240001C024000200240D3
:101DA00000240240083C0140024613690B400BB17D
:101DB000012000E0002070470148006870470000E3
:101DC00000000020034800680349097808440149DD
:101DD00008607047000000200800002010B50320B4
:101DE00000F006F90F2000F005F800F08DF8002053
:101DF00010BD000070B504460E4800784FF47A71AB
:101E0000B1FBF0F00C490968B1FBF0F5284601F090
:101E100087F808B1012070BD102C07D2002221469E
:101E2000501E00F0A7F80548046001E00120F2E729
:101E30000020F0E7080000200C0000200400002033
:101E40004178154A116014490831096821F00101EF
:101E5000114A08321160121F41681160017B0907A5
:101E6000C27A41EA0261827A41EAC241427B41EA96
:101E70008241827B41EA4241C27B41EA0241427A8D
:101E800041EA0221027A41EA420102781143024A00
:101E9000083211607047000098ED00E000BF00BFFD
:101EA00000BFBFF35F8F00BF00BF00BF05480068E1
:101EB00020F4803003490860002002497031086036
:101EC0007047000024ED00E040F001010D4A116070
:101ED0000C497039096841F480310A4A703A11603E
:101EE00000BF00BF00BFBFF34F8F00BF00BF00BFE8
:101EF00000BF00BF00BFBFF36F8F00BF00BF00BFB8
:101F00007047000094ED00E008B500BF104800687D
:101F100040F080500E4908600846006800F080508C
:101F2000009000BF00BF00BF081D006840F4804063
:101F3000091D08600846006800F48040009000BF5A
:101F400000BF00220F21901E00F014F808BD000011
:101F50004038024001460846002809DB00F01F0314
:101F600001229A4043099B0003F1E023C3F80021BA
:101F700000BF70472DE9F05F80460D4616460027EA
:101F800004F030FD074639462A46334601F0070083
:101F9000C0F1070ABAF1040F02D94FF0040A01E0B8
:101FA000C0F1070AD14600F1040ABAF1070F02D2C4
:101FB0004FF0000A01E0A0F1030AD4464FF0010AF5
:101FC0000AFA09FAAAF1010A0AEA020A0AFA0CFA5A
:101FD0004FF0010B0BFA0CFBABF1010B0BEA030BFF
:101FE0004AEA0B042146404604F004FDBDE8F09F98
:101FF00000BF00F00702064B19684FF6FF031940B7
:10200000044B0B4343EA0221014B196000BF7047A8
:102010000CED00E00000FA0538B5002400BF2048B0
:10202000006840F080501E4908600846006800F0D3
:102030008050009000BF00BF1A48006840F4803014
:1020400018490860FFF7B8FE044607E0FFF7B4FE42
:10205000001BB0F57A7F01D9032038BD11484068D4
:1020600000F48030B0F5803FF0D10E48006840F4B5
:1020700000300C490860FFF79FFE044607E0FFF7B9
:102080009BFE001BB0F57A7F01D90320E5E70548E8
:10209000406800F40030B0F5003FF0D10020DCE7EC
:1020A00040380240007000402DE9F8430446002605
:1020B00000250027A846A946207800F0010088B135
:1020C00000BFFE48006820F40000FC490860084694
:1020D0000068616B0843F949086000BF606B08B98C
:1020E0004FF00108206800F40020B0F5002F13D154
:1020F000F2488430006820F44010E16B0843EF4957
:1021000084310860E06BB0F5801F01D14FF0010809
:10211000E06B08B94FF00109206800F48010B0F5B9
:10212000801F13D1E5488430006820F44000216C02
:102130000843E24984310860206CB0F5800F01D17A
:102140004FF00108206C08B94FF00109206800F039
:102150008070B0F1807F01D14FF00108207800F04D
:102160002000202870D100BFD4483830006840F0EB
:102170008050D249383108600846006800F080502D
:10218000009000BF00BFCE48006840F48070CC498A
:102190000860FFF711FE064607E0FFF70DFE801B03
:1021A000642802D90320BDE8F883C548006800F41C
:1021B00080700028F1D0C1486830006800F4407594
:1021C00085B3208E00F44070A8422BD0BB48683005
:1021D000006820F44075B9486830006840F48030E9
:1021E000B649683108600846006820F4803008600D
:1021F00008460560006800F0010098B1FFF7DCFDBB
:10220000064608E0FFF7D8FD801B41F2883188427E
:1022100001D90320C7E7A94868300068C0F340002F
:102220000028EFD000BF208E00F44070B0F5407F52
:102230000BD1A248006820F4F810A24A216B11408B
:1022400008439E49086006E010E09C48006820F4BE
:10225000F8109A490860994868300068218EC1F3E7
:102260000B01084395496831086000BF207800F0F1
:102270001000102810D100BF90488430006820F072
:1022800080708E498431086008460068A16B08435D
:102290008A498431086000BF208800F48040B0F58E
:1022A000804F09D185488830006820F44030616E45
:1022B0000843824988310860208800F40040B0F566
:1022C000004F09D17D488830006820F44020A16E7D
:1022D00008437A4988310860206800F48030B0F5FE
:1022E000803F09D175488830006820F44010E16EC5
:1022F0000843724988310860206800F40030B0F566
:10230000003F09D16D488830006820F44000216FFB
:1023100008436A4988310860207800F0400040286E
:1023200009D166488830006820F00300616C0843DA
:10233000624988310860207800F08000802809D147
:102340005E488830006820F00C00A16C08435B49AF
:1023500088310860208800F48070B0F5807F09D152
:1023600056488830006820F03000E16C084353493B
:1023700088310860208800F40070B0F5007F09D132
:102380004E488830006820F0C000216D08434B495A
:1023900088310860208800F48060B0F5806F09D132
:1023A00046488830006820F44070616D0843434916
:1023B00088310860208800F40060B0F5006F09D112
:1023C0003E488830006820F44060A16D08433B49D6
:1023D00088310860208800F48050B0F5805F09D112
:1023E00036488830006820F44050E16D0843334996
:1023F00088310860208800F40050B0F5005F09D1F2
:102400002E488830006820F44040216E08432B4954
:1024100088310860206800F48000B0F5800F09D191
:1024200026488830006820F08060A16F0843234967
:1024300088310860206800F40010B0F5001F0FD14B
:102440001E488830006820F00060E16F08431B4997
:1024500088310860E06FB0F1006F01D14FF00109E1
:10246000207800F00800082801D14FF00109206809
:1024700000F48020B0F5802F09D110488830006822
:1024800020F04070616F08430C4988310860206873
:1024900000F40000B0F5000F0AD108488830006849
:1024A00020F08050D4F88010084304498831086037
:1024B000B8F1010F0DD0206806E000000838024096
:1024C00000700040FFFCFF0F00F00070B0F1007FD3
:1024D0007DD1AD48006820F08060AB490860FFF70F
:1024E0006BFC064606E0FFF767FC801B642801D9F9
:1024F000032058E6A4480068C0F3C0600028F2D169
:10250000207800F00100B8B1606BA8B99E48843013
:102510000068C0F301459C4884300068C0F303673D
:102520006068800140EA054040EA0761207A41EA9C
:102530000070954984310860206800F40020B0F5EF
:10254000002F03D1E06BB0F5801F09D0206800F4A4
:102550008010B0F5801F24D1206CB0F5800F20D101
:10256000894884300068C0F301458748843000689A
:10257000C0F302776068800140EA0541207B41EAB0
:10258000006040EA07708049843108607E488C30E2
:10259000006820F01F00616A491E08437A498C31A7
:1025A0000860206800F08070B0F1807F17D1764815
:1025B00084300068C0F30365734884300068C0F35A
:1025C000027760688101208A41EA004000E031E042
:1025D00040EA056040EA07706B4984310860206872
:1025E00000F00070B0F1007F0DD160688101208A99
:1025F00041EA0041207B41EA0061207A41EA007013
:102600006149843108606048006840F080605E493C
:102610000860FFF7D1FB064606E0FFF7CDFB801B05
:10262000642801D90320BEE557480068C0F3C060A4
:102630000028F2D0B9F1010F7ED15348006820F094
:10264000805051490860FFF7B7FB064606E0FFF7E8
:10265000B3FB801B642801D90320A4E54A48006825
:10266000C0F340700028F2D1206800F40020B0F5DB
:10267000002F01D1E06B38B1206800F48010B0F574
:10268000801F22D1206C00BB3F4888300068C0F317
:1026900001453D4888300068C0F3027760698001D9
:1026A00040EA0541207E41EA006040EA0770364971
:1026B00088310860081D006820F4F851A06A401EA7
:1026C00041EA002030498C310860206800F4001095
:1026D000B0F5001F19D1E06FB0F1006F15D12A4895
:1026E00088300068C0F30365274888300068C0F36D
:1026F000027760698101208C41EA004040EA056070
:1027000040EA0770204988310860207800F008000E
:10271000082820D11C4888300068C0F303651A4897
:1027200088300068C0F301476069800140EA0740D3
:1027300040EA0561207F00E024E041EA0070124990
:1027400088310860081D006820F44030E16A0843C1
:102750000D498C3108600C48006840F080500A49EF
:102760000860FFF729FB064606E0FFF725FB801B04
:10277000642801D9032016E503480068C0F34070BF
:102780000028F2D000200EE50038024070B5044663
:102790000D4600260CB9012070BD5C48006800F0B1
:1027A0000F00A8420ED25948006820F00F002843BD
:1027B000564908600846006800F00F00A84201D0A2
:1027C0000120E9E7207800F0020002281DD12078DE
:1027D00000F00400042805D14D48006840F4E050A2
:1027E0004B490860207800F00800082805D14848C7
:1027F000006840F46040464908604548006820F0A1
:10280000F000A168084342490860207800F0010008
:1028100090B36068012807D13D4808380068C0F3CC
:102820004040A0B90120B7E76068022807D13848C6
:1028300008380068C0F3406048B90120ACE734486C
:1028400008380068C0F3400008B90120A4E7304808
:10285000006820F00300616808432D490860FFF715
:10286000ABFA064609E0FFF7A7FA801B41F2883170
:10287000884202D903208FE707E02548006800F06E
:102880000C006168B0EB810FEDD12048006800F0CA
:102890000F00A8420ED91D48006820F00F00284301
:1028A0001A4908600846006800F00F00A84201D0ED
:1028B000012071E7207800F00400042807D11448B3
:1028C000006820F4E050E16808431149086020786E
:1028D00000F00800082808D10D48006820F4604086
:1028E000216940EAC1000A49086000F03FF8084940
:1028F0000968C1F30311074A515CC84006490860E2
:1029000006480068FFF776FA002045E7003C0240E1
:1029100008380240DC8A00080C0000200400002077
:1029200001480068704700000C00002000B5FFF768
:10293000F7FF04490968C1F38221034A515CC8408A
:1029400000BD000008380240EC8A000800B5FFF71F
:10295000E7FF04490968C1F34231034A515CC840AA
:1029600000BD000008380240EC8A00082DE9F0475D
:10297000002400250026A1462548006800F00C0030
:1029800020B1042805D008283AD105E0DFF884906A
:1029900039E0DFF8849036E01D48001F006800F041
:1029A0003F041B48001F006800F4800078B11A48FB
:1029B0001749091F0968C1F38811A0FB017001467E
:1029C000224600233846FDF77DFC05460EE01148FF
:1029D0000F49091F0968C1F38811A0FB0170014666
:1029E000224600233846FDF76DFC05460848001FC7
:1029F0000068C0F30140401C4600B5FBF6F902E058
:102A0000DFF8109000BF00BF4846BDE8F087000027
:102A1000083802400024F40040787D01F8B50446EF
:102A200000270CB90120F8BD207800F00100002833
:102A300071D0F948006800F00C0004280DD0F64869
:102A4000006800F00C00082813D1F348001F00684C
:102A500000F48000B0F5800F0BD1EF480838006813
:102A6000C0F34040002869D06068002866D101208A
:102A7000D9E700BF6068B0F5803F08D1E648083864
:102A8000006840F48030E449083908602EE060684E
:102A900068B9E1480838006820F48030DE49083918
:102AA00008600846006820F4802008601EE0606826
:102AB000B0F5A02F0DD1D8480838006840F4802028
:102AC000D549083908600846006840F4803008603D
:102AD0000CE0D1480838006820F48030CE4908392D
:102AE00008600846006820F48020086000BF606825
:102AF00090B1FFF761F9054606E0FFF75DF9401B6D
:102B0000642801D903208EE7C34808380068C0F361
:102B100040400028F1D011E0FFF74EF9054606E0ED
:102B2000FFF74AF9401B642801D903207BE7BA4824
:102B300008380068C0F340400028F1D1207800F048
:102B40000200022869D1B448006800F00C0058B1B6
:102B5000B148006800F00C0008281CD1AE48001FE6
:102B6000006800F48000B0B9AB4808380068C0F3D2
:102B7000400020B1E068012801D0012053E7A648B9
:102B80000838006820F0F800216940EAC100A24935
:102B90000839086041E0E06828B39F4808380068B9
:102BA00040F001009C4908390860FFF705F9054627
:102BB00006E0FFF701F9401B022801D9032032E7A4
:102BC000954808380068C0F340000028F1D09248CA
:102BD0000838006820F0F800216940EAC1008E49F9
:102BE0000839086019E08C480838006820F00100B6
:102BF000894908390860FFF7DFF8054606E0FFF766
:102C0000DBF8401B022801D903200CE78248083872
:102C10000068C0F340000028F1D1207800F00800DF
:102C2000082836D16069D0B17B486C30006840F02C
:102C3000010079496C310860FFF7BEF8054606E0EF
:102C4000FFF7BAF8401B022801D90320EBE67248CF
:102C50006C300068C0F340000028F1D019E06E48E5
:102C60006C30006820F001006B496C310860FFF7A0
:102C7000A3F8054606E0FFF79FF8401B022801D99C
:102C80000320D0E664486C300068C0F340000028A0
:102C9000F1D1207800F00400042874D15E48383067
:102CA000006800F0805080B900BF5B483830006891
:102CB00040F080505849383108600846006800F0FC
:102CC0008050009000BF00BF01275448006800F406
:102CD0008070B0B95148006840F480704F49086076
:102CE000FFF76AF8054606E0FFF766F8401B642820
:102CF00001D9032097E64948006800F48070002855
:102D0000F2D000BFA068012808D1434868300068AD
:102D100040F001004049683108602DE0A06868B9C2
:102D20003D486830006820F001003B496831086088
:102D30000846006820F0040008601DE0A06805282F
:102D40000DD135486830006840F0040032496831E0
:102D500008600846006840F0010008600CE02E485A
:102D60006830006820F001002B496831086008468F
:102D7000006820F00400086000BFA068A8B1FFF759
:102D80001BF8054609E02EE0FFF716F8401B41F25C
:102D90008831884201D9032045E61F486830006821
:102DA000C0F340000028EFD013E0FFF705F8054618
:102DB00008E0FFF701F8401B41F28831884201D951
:102DC000032030E6144868300068C0F34000002853
:102DD000EFD1012F07D110483830006820F0805023
:102DE0000D4938310860A069002852D00A480068AF
:102DF00000F00C00082865D0A06902284AD10648D6
:102E00000838006820F08070034908390860FEF730
:102E1000D3FF05460BE00000083802400070004078
:102E2000FEF7CAFF401B022801D90320FBE53B48FF
:102E30000068C0F340600028F2D1E06940F0005023
:102E4000216A0843616A40EA81110122A06AC2EB4B
:102E5000500041EA00412C20005D41EA00602F490A
:102E6000091D0860081F006840F08070091F086095
:102E7000FEF7A2FF054606E0FEF79EFF401B022874
:102E800001D90320CFE525480068C0F34060002841
:102E9000F2D040E02148006820F080701F490860AF
:102EA000FEF78AFF054606E0FEF786FF401B022874
:102EB00001D90320B7E519480068C0F34060002835
:102EC000F2D128E01548001D0668A069012820D02D
:102ED00006F48001E06981421BD106F03F01206ABF
:102EE000814216D147F6C0703040616AB0EB811F55
:102EF0000FD106F440310122A06AC2EB5000B1EBC1
:102F0000004F06D106F070612C20005DB1EB006F20
:102F100001D0012087E5002085E50000003802404F
:102F200070B504462546681EB0F1807F01D30120AC
:102F30000FE0681E4FF0E02148610F214FF0FF3095
:102F400003F058FD00204FF0E02188610720086160
:102F5000002070BD30B502460B4600BF92F83C0021
:102F6000012801D1022030BD012082F83C0000BFC1
:102F7000022082F83D001068416810688468214D85
:102F80001068A84203D0204D1068A84203D121F454
:102F900070015868014321F07001186801431068FE
:102FA0004160184D1068A8421BD01068B0F1804FE6
:102FB00017D0164D1068A84213D0154D1068A842BE
:102FC0000FD0144D1068A8420BD00F4D1068A842C6
:102FD00007D0114D1068A84203D0104D1068A842C8
:102FE00005D124F0800498680443106884600120AF
:102FF00082F83D0000BF002082F83C0000BF00BF07
:10300000B1E700000000014000040140000400405E
:1030100000080040000C0040004001400018004043
:1030200010B504460CB9012010BD94F83D0028B934
:10303000002084F83C00204600F02AF8022084F8A2
:103040003D00211D206802F0EBFC012084F84800BF
:1030500000BF84F83E0001213F200155402001556A
:1030600041200155422001554320015500BF00BFBA
:10307000012084F844004520015546200155472091
:10308000015500BF012084F83D000020CCE700007E
:1030900038B504463C492068884237D100BF3B48D8
:1030A000006840F00100394908600846006800F0F7
:1030B0000100009000BF00BF3548364908604FF05E
:1030C000406048604021334881600021C1604FF476
:1030D0008061016189004161890081618911C1615B
:1030E000002101624162FEF791FC08B1FEF7E7F9A9
:1030F00000BF284921630846846300BF00BFA16365
:10310000846300BF00BF616384633BE02068B0F16B
:10311000804F0FD100BF1D48001F006840F0010024
:103120001A49091F08600846006800F00100009075
:1031300000BF27E01849206888420FD100BF13481C
:10314000001F006840F002001049091F086008468F
:10315000006800F00200009000BF13E00F492068F3
:1031600088420FD100BF0948001F006840F00400EA
:103170000649091F08600846006800F00400009036
:1031800000BF00BF38BD00000000014044380240CD
:1031900070640240641E00200004004000080040EB
:1031A000014691F83D00012801D00120704702201E
:1031B00081F83D000868C06840F001000B68D860E5
:1031C0001C4B086898421BD00868B0F1804F17D09C
:1031D000194B0868984213D0184B086898420FD0D2
:1031E000174B086898420BD0164B0868984207D0D6
:1031F000154B0868984203D0144B0868984210D1C8
:1032000008688068124B00EA0302062A0FD0B2F564
:10321000803F0CD00868006840F001000B6818601F
:1032200005E00868006840F001000B6818600020A5
:10323000BCE700000000014000040040000800401E
:10324000000C004000040140004001400018004014
:10325000070001002DE9F04104460D46002700BF9C
:1032600094F83C00012802D10220BDE8F081012041
:1032700084F83C0000BF022084F83D002068866886
:103280003748064026F47F46206886602868502824
:1032900033D00CDC202850D004DC00284BD0102880
:1032A00051D149E0302849D040284CD139E060283C
:1032B0002DD0702807D0B0F5805F03D0B0F5005F47
:1032C00041D10DE041E0D5E902136A68206802F0BF
:1032D0001BFC2068866846F077062068866034E02C
:1032E000D5E902136A68206802F00EFC2068806845
:1032F00040F480402168886027E0EA6869682068B7
:1033000002F016FC5021206802F009FC1DE0EA687A
:103310006968206802F01FFC6021206802F0FFFB52
:1033200013E0EA686968206802F002FC4021206826
:1033300002F0F5FB09E000BF00BF00BF296820686C
:1033400002F0EDFB01E0012700BF00BF012084F87F
:103350003D0000BF002084F83C0000BF384684E7F1
:1033600088FFFEFF704770B50446E56FD4F88060B3
:103370002068806800F08000802823D1212D21D191
:1033800000BF00BF2168083151E8001F21F0800014
:103390002168083141E80002002AF3D100BF206F04
:1033A00068B1206FFEF7A4F948B1206FFEF70AFA62
:1033B000202804D11020C4F88400032070BD2046CA
:1033C00002F0A6FD2068806800F04000402823D16C
:1033D000222E21D100BF00BF2168083151E8001F13
:1033E00021F040002168083141E80002002AF3D1B1
:1033F00000BF606F68B1606FFEF77AF948B1606F27
:10340000FEF7E0F9202804D11020C4F8840003203E
:10341000D4E7204602F032FD0020CFE770470000DD
:103420002DE9F04704462068C569206806682068D1
:10343000876840F60F0005EA0009B9F1000F0CD1CA
:1034400005F0200048B106F0200030B1A06E10B1A8
:103450002046A16E8847BDE8F087B9F1000F7DD006
:1034600007F0010018B9B94830400028F7D005F03E
:10347000010058B106F4807040B101202168086253
:10348000D4F8840040F00100C4F8840005F0020084
:1034900058B107F0010040B1022021680862D4F859
:1034A000840040F00400C4F8840005F0040058B122
:1034B00007F0010040B1042021680862D4F88400BC
:1034C00040F00200C4F8840005F0080070B106F076
:1034D000200010B907F0010040B1082021680862FF
:1034E000D4F8840040F00800C4F8840005F40060BB
:1034F00060B106F0806048B14FF400602168086256
:10350000D4F8840040F02000C4F88400D4F884008B
:1035100000284BD005F0200038B106F0200020B183
:10352000A06E10B12046A16E8847D4F884A0206810
:10353000806800F04000402802D00AF0280070B3F4
:10354000204602F09BFC2068806800F04000402884
:1035500021D100BF00BF2168083100E027E051E819
:10356000001F21F040002168083141E80002002AD4
:10357000F1D100BF606F50B17548616F0865606F31
:10358000FEF70CF990B1606F016D88470EE02046A0
:10359000FFF744FF0AE02046FFF740FF06E0FFE7A1
:1035A0002046FFF73BFF0020C4F8840053E7206E5D
:1035B00001286FD105F0100000286BD006F0100034
:1035C0000028FAD01020216808622068806800F086
:1035D000400040285FD1606F006840681FFA80F8A3
:1035E000B8F1000F55D0B4F85800404551DDA4F8AB
:1035F0005A80606FC069B0F5807F3FD000BF00BFC8
:10360000216851E8001F21F48070226842E800011F
:103610000029F5D100BF00BF00BF2168083151E883
:10362000001F21F001002168083141E80002002A52
:10363000F3D100BF00BF00BF2168083151E8001F6F
:1036400021F040002168083141E80002002AF3D14E
:1036500000BF2020C4F880000020206600BF00BF0B
:10366000216851E8001F21F01000226842E80001A3
:103670000029F5D100BF606FFEF73AF802206066BE
:10368000B4F85800B4F85A20801A81B22046FFF7E7
:1036900069FEE0E641E034F8580F6188401A1FFAED
:1036A00080F86088583CB8B3B8F1000F34D000BF40
:1036B00000BF216851E8001F21F49070226842E8A1
:1036C00000010029F5D100BF00BF00BF216808310B
:1036D00051E8001F21F001002168083141E8000293
:1036E000002AF3D100BF2020C4F88000002020660B
:1036F000A06600BF00BF216851E8001F21F0100044
:10370000226842E800010029F5D100BF022060666E
:1037100041462046FFF726FE9DE605F0800040B1B9
:1037200006F0800028B1E06E10B12046E16E8847B7
:1037300091E605F0400030B106F0400018B1204697
:1037400002F0CFFB87E600BF85E600002001000401
:10375000355D000810B504460CB9012010BDA06904
:1037600000B100E000BFE06F28B9002084F87800C5
:10377000204600F029F82420E0672068006820F047
:10378000010021680860606A10B1204602F01AFA50
:10379000204602F0C3FC012800D1DFE72068406822
:1037A00020F49040216848602068806820F02A005A
:1037B000216888602068006840F001002168086086
:1037C000204602F07BFAC9E710B5A8B004461421E0
:1037D00023A8FCF7AFFD842102A8FCF7ABFDFE494E
:1037E000206888427BD1401502900020169002A8E4
:1037F000FEF75AFC08B1FDF762FE00BFF74800680B
:1038000040F40020F54908600846006800F40020F4
:10381000019000BF00BF00BFF0481038006840F0C2
:103820000400EE49103908600846006800F0040002
:10383000019000BF00BF4FF440602390022024900D
:1038400000202590032026900820279023A9E448F3
:10385000FEF7A4F9E348E449086040054860002108
:10386000E1488160C1604FF48061016100214161E4
:103870008161C16101624162FEF7C8F808B1FDF7DC
:103880001EFE00BFD8486067846300BFD548303053
:10389000D64908604FF0006048604021D3488160FD
:1038A0000021C1604FF480610161002141618161AB
:1038B000C16101624162FEF7A9F808B1FDF7FFFDA1
:1038C00000BFCA482067846300BF0022052134205E
:1038D000FEF750FB3420FEF73DFBD1E2FFE7C44981
:1038E000206888427AD1001502900020179002A823
:1038F000FEF7DAFB08B1FDF7E2FD00BFB74800684C
:1039000040F48010B54908600846006800F4801053
:10391000019000BF00BF00BFB0481038006840F001
:103920000400AE49103908600846006800F0040041
:10393000019000BF00BF00BF0846006840F00800CB
:1039400008600846006800F00800019000BF00BF52
:103950008814239002202490002025900320269094
:103960000820279023A99E48FEF718F904202390E9
:1039700002202490002025900320269008202790E4
:1039800023A99C48FEF70AF9964830389A490860FE
:10399000C0054860002198488160C1604FF4806193
:1039A0000161002141618161C1614FF440310162D7
:1039B00000214162FEF72AF808B1FDF780FD00BF43
:1039C0008D486067846300BF002205213520FEF723
:1039D000D1FA3520FEF7BEFA52E2FFE787492068A8
:1039E00088423FD1801402900020199002A8FEF76F
:1039F0005BFB08B1FDF763FD00BF7848006840F04D
:103A00008040764908600846006800F080400190D8
:103A100000BF00BF00BF71481038006840F01000C0
:103A20006E49103908600846006800F010000190E7
:103A300000BF00BF4FF4C0702390022024900020EC
:103A40002590032026900820279023A96C48FEF794
:103A5000A5F8002205215220FEF78CFA5220FEF72D
:103A600079FA0DE26749206888423ED140140290FD
:103A700000201A9002A8FEF717FB08B1FDF71FFD02
:103A800000BF5648006840F00040544908600846AE
:103A9000006800F00040019000BF00BF00BF4F4829
:103AA0001038006840F010004C4910390860084692
:103AB000006800F01000019000BF00BF03202390B9
:103AC0000220249000202590032026900820279093
:103AD00023A94B48FEF762F8002205215320FEF788
:103AE00049FA5320FEF736FACAE14749206888426E
:103AF00041D1402002900020139002A8FEF7D4FA92
:103B000008B1FDF7DCFC00BF3448001D006840F040
:103B100010003249091D08600846006800F01000D6
:103B2000019000BF00BF00BF2C481038006840F073
:103B300001002A49103908600846006800F00100B9
:103B4000019000BF00BF4FF4C0602390022024907A
:103B500000202590032026900720279023A92B489A
:103B6000FEF71CF8002205212520FEF703FA252088
:103B7000FEF7F0F984E12649206888427ED1802052
:103B800002900020149002A8FEF78EFA08B1FDF70B
:103B900096FC00BF1148006840F400300F490860EF
:103BA0000846006800F40030019000BF00BF00BF6D
:103BB0000A481038006840F00800084910390860C9
:103BC0000846006800F00800019000BF00BF6020B8
:103BD0002390022024901DE0004C00404038024019
:103BE00000080240406002400423002064230020BB
:103BF00000500040000C0240C42300200078004028
:103C000000100240007C0040001001400000024013
:103C10000044004000202590032026900720279094
:103C200023A99848FDF7BAFF9748984908604FF0D4
:103C300000604860002195488160C1604FF4806158
:103C40000161002141618161C16101624162FDF751
:103C5000DDFE08B1FDF733FC00BF8C48606784636C
:103C600000BF894818308A4908604FF000604860FA
:103C70004021874881600021C16000E01EE04FF4D0
:103C8000806101610021416181614FF48071C161F6
:103C9000002101624162FDF7B9FE08B1FDF70FFC9A
:103CA00000BF7B482067846300BF002205212620D7
:103CB000FEF760F92620FEF74DF9E1E0754920682E
:103CC00088427DD1801502900020159002A8FEF751
:103CD000EBF908B1FDF7F3FB00BF6F48006840F453
:103CE00080206D4908600846006800F4802001903B
:103CF00000BF00BF00BF68481038006840F00200F5
:103D00006549103908600846006800F0020001901B
:103D100000BF00BF4FF44060239002202490002099
:103D20002590032026900720279023A95B48FDF7C4
:103D300035FF554830385A4908604FF000604860F8
:103D40004021574881600021C1604FF480610161CA
:103D5000002141618161C16101624162FDF756FE4E
:103D600008B1FDF7ACFB00BF4D482067846300BF7E
:103D7000454860384B4908604FF0006048600021BA
:103D800048488160C1604FF4806101610021416158
:103D90008161C16101624162FDF738FE08B1FDF742
:103DA0008EFB00BF3F486067846300BF002205218F
:103DB0002720FEF7DFF82720FEF7CCF860E0FFE7CA
:103DC0003949206888425BD1C014029000201890C5
:103DD00002A8FEF769F908B1FDF771FB00BF2E4894
:103DE000001D006840F020002B49091D08600846AE
:103DF000006800F02000019000BF00BF00BF26480F
:103E00001038006840F00400234910390860084663
:103E1000006800F00400019000BF00BFC0202390A4
:103E2000022024900020259003202690082027902F
:103E300023A91E48FDF7B2FE1D481E4908608005F3
:103E4000486000211B488160C1604FF480610161BE
:103E5000002141618161C16101624162FDF7D6FDCE
:103E600008B1FDF72CFB00BF12486067846300BFF8
:103E7000002205214720FEF77DF84720FEF76AF86B
:103E800028B010BD000C02408860024024240020AD
:103E900084240020004800404038024000040240D2
:103EA000E4240020442500200014014000080240C2
:103EB00028640240A425002070B504460D4616462D
:103EC000D4F8800020281DD105B10EB9012070BDA5
:103ED000002020662068406800F4000060B100BF48
:103EE00000BF216851E8001F41F08060226842E86D
:103EF00000010029F5D100BF32462946204602F0D4
:103F0000ABFAE4E70220E2E770B504460D46164638
:103F1000D4F8800020281DD105B10EB9012070BD54
:103F2000002020662068406800F4000060B100BFF7
:103F300000BF216851E8001F41F08060226842E81C
:103F400000010029F5D100BF32462946204602F083
:103F5000E3FAE4E70220E2E770B5044600BF50212F
:103F6000EFF3118072B681F31188BFF34F8FBFF367
:103F70006F8F62B600BF054615492068884222D07F
:103F80001449206888421ED013492068884203D112
:103F9000204601F0CBF916E010492068884212D083
:103FA0000F49206888420ED00E492068884203D10C
:103FB0002046FCF7F7FC06E00B492068884202D156
:103FC000204601F0D1F900BF85F3118800BF70BD14
:103FD0000010014000440040004C004000500040F0
:103FE0000014014000780040007C004070472DE93B
:103FF000F84F04460E4617469946E06F202851D1E7
:1040000006B117B90120BDE8F88F00205034606375
:104010002120E062FDF7D0FE824627806780503C79
:10402000A068B0F5805F04D1206910B90025B046C2
:1040300002E035464FF000081FE053460022802181
:104040002046CDF8009002F0E1FA18B12020E06798
:104050000320D8E745B9B8F80000C0F3080021688C
:10406000886208F1020803E02878216888626D1CE4
:10407000B4F85200401EA4F85200B4F852000028D0
:10408000DBD15346002240212046CDF8009002F0BB
:10409000BDFA18B12020E0670320B4E72020E067D4
:1040A0000020B0E70220AEE7704700BFFEE710B582
:1040B00007E0052003F076FE00B903E0322004F0AB
:1040C0001BF9F6E700BF10BD1FB50020009001905E
:1040D00002900390FDF7E2FE01208DF80000002021
:1040E0008DF8010001901F208DF8080087208DF8C1
:1040F000090000208DF80A008DF80B0001208DF8D2
:104100000C008DF80D0000208DF80E008DF80F00CA
:104110006846FDF795FE0420FDF7D6FE1FBD0000A2
:1041200010B504460748FFF71EF9074803F0F0F9F9
:104130000120064908700F2203490248FFF7BCFE20
:1041400010BD00007C2200201C27042084000020D9
:1041500010B504460849206888420CD10748006819
:10416000C069C0F3001030B110200449096808622A
:104170002046FFF7D5FF10BD001401407C2200202F
:1041800008B500BF3148006840F480002F4908603E
:104190000846006800F48000009000BF00BF00BF28
:1041A0000846006840F4001008600846006800F403
:1041B0000010009000BF00BF002205210B20FDF77A
:1041C000D9FE0B20FDF7C6FE002205210C20FDF7CD
:1041D000D1FE0C20FDF7BEFE002205210D20FDF7CB
:1041E000C9FE0D20FDF7B6FE002205210E20FDF7C9
:1041F000C1FE0E20FDF7AEFE002205210F20FDF7C7
:10420000B9FE0F20FDF7A6FE002205211020FDF7C4
:10421000B1FE1020FDF79EFE002205211120FDF7C2
:10422000A9FE1120FDF796FE002205213920FDF799
:10423000A1FE3920FDF78EFE002205213C20FDF76E
:1042400099FE3C20FDF786FE08BD00003038024094
:1042500000B587B0142102A8FCF76CF800BF3848FD
:10426000006840F08000364908600846006800F0A9
:104270008000019000BF00BF00BF0846006840F00A
:10428000040008600846006800F00400019000BFC8
:1042900000BF00BF0846006840F0100008600846F4
:1042A000006800F01000019000BF00BF00BF08468A
:1042B000006840F0020008600846006800F0020054
:1042C000019000BF00BF00BF0846006840F0080032
:1042D00008600846006800F00800019000BF00BFB9
:1042E00000BF0846006840F001000860084600680A
:1042F00000F00100019000BF00BF48F22C000290C6
:10430000002003900120049002A90E48FDF746FC0E
:104310004FF480400290002003900120049002A9F5
:104320000948FDF73BFC4FF42470029000200390F5
:104330000120049002A90548FDF730FC07B000BD3C
:10434000303802400008024000040240000C0240E5
:1043500000B587B00020039004900590069000906F
:1043600001900290154816490860D7204860002146
:104370001348816042F21071C16000210161416106
:104380008161FEF74DFE08B1FDF799F84FF48050BA
:10439000039003A90A48FEF75DFF08B1FDF78FF807
:1043A000002000900190029069460548FEF7D2FD7A
:1043B00008B1FDF784F807B000BD0000000001401F
:1043C000341D002000B587B00020039004900590B4
:1043D00006900090019002904FF0804013490860D1
:1043E0006B20486000211148816042F21071C16069
:1043F000002101618161FEF713FE08B1FDF75FF84E
:104400004FF48050039003A90848FEF723FF08B13A
:10441000FDF755F800200090029069460348FEF72A
:1044200099FD08B1FDF74BF807B000BD801D0020D5
:1044300000B587B00020039004900590069000908E
:1044400001900290144815490860D7204860002167
:10445000124881604FF47A71C1600021016181616D
:10446000FEF7DEFD08B1FDF72AF84FF48050039007
:1044700003A90A48FEF7EEFE08B1FDF720F8002078
:104480000090029069460548FEF764FD08B1FDF70B
:1044900016F807B000BD000000040040CC1D00204D
:1044A00000B587B00020039004900590069000901E
:1044B00001900290144815490860002048600021CE
:1044C000124881604FF6FF71C16000210161816176
:1044D000FEF7A6FD08B1FCF7F2FF4FF48050039001
:1044E00003A90A48FEF7B6FE08B1FCF7E8FF002072
:1044F0000090029069460548FEF72CFD08B1FCF7D4
:10450000DEFF07B000BD000000080040181E0020BC
:1045100010B50D480D4908604FF416504860002151
:104520000A488160C16001610C2141610021816103
:10453000C16101620020054948620846FFF70AF997
:1045400008B1FCF7BCFF10BD004C0040C41E0020A9
:1045500010B50D480D4908604FF4612048600021F6
:104560000A488160C16001610C21416100218161C3
:10457000C16101620020054948620846FFF7EAF878
:1045800008B1FCF79CFF10BD005000404C1F0020FC
:1045900010B50D480D4908604FF4165048600021D1
:1045A0000A488160C16001610C2141610021816183
:1045B000C16101620020054948620846FFF7CAF858
:1045C00008B1FCF77CFF10BD00780040D41F00202C
:1045D00010B50D480D4908604FF416504860002191
:1045E0000A488160C16001610C2141610021816143
:1045F000C16101620020054948620846FFF7AAF838
:1046000008B1FCF75CFF10BD007C00405C2000207E
:1046100010B50D480D4908604FF4E13048600021A5
:104620000A488160C16001610C2141610021816102
:10463000C16101620020054948620846FFF78AF817
:1046400008B1FCF73CFF10BD00100140E420002041
:1046500010B50D480D4908604FF4E1304860002165
:104660000A488160C16001610C21416100218161C2
:10467000C16101620020054948620846FFF76AF8F7
:1046800008B1FCF71CFF10BD004400406C21002065
:1046900010B50D480D4908604FF4164048600021E0
:1046A0000A488160C16001610C2141610021816182
:1046B000C16101620020054948620846FFF74AF8D7
:1046C00008B1FCF7FCFE10BD00480040F4210020BA
:1046D00010B50D480D4908600D48486000210B4891
:1046E0008160C16001610C21416100218161C16172
:1046F00001620020054948620846FFF72BF808B11F
:10470000FCF7DDFE10BD0000001401407C220020FB
:1047100040420F002DE9F0412DED088B07460C4675
:104720001546984600263878012806D0022820D061
:1047300003283AD0042872D154E04046FBF78DFF9D
:1047400041EC1B0B9FED3D0B53EC102BFBF7A4FE34
:1047500041EC190B281BFBF780FF41EC1A0B53ECC3
:10476000192BFBF7F2FD41EC180BFBF787FF06B2A4
:1047700055E04046FBF771FF41EC1B0B9FED2F0B03
:1047800053EC102BFBF788FE41EC190B2819FBF7B3
:1047900064FF41EC1A0B53EC192BFBF7D6FD41ECEF
:1047A000180BFBF76BFF06B239E04046FBF755FFED
:1047B00041EC1B0B9FED210B53EC102BFBF76CFE18
:1047C00041EC190B6942081BFBF747FF41EC1A0B40
:1047D00053EC192BFBF7B9FD41EC180BFBF74EFF1F
:1047E00006B21CE04046FBF738FF41EC1B0B9FED87
:1047F000130B53EC102BFBF74FFE41EC190B6942E6
:104800000819FBF72AFF41EC1A0B53EC192BFBF7A5
:104810009CFD41EC180BFBF731FF06B200BF00BF57
:1048200043F69820864200DB06460648864200DCB6
:1048300006463046BDEC088BBDE8F0810000000064
:104840000000E03F68C5FFFF00BFFEE710B5002095
:1048500012490870FF204870662088706B20C8706D
:1048600000200F49087010E00D48007802F018FE93
:104870004FF6FF73042209490A48FFF7B8FB08B155
:10488000FCF71DFE032003F037FD074800780128E0
:10489000EAD100200449087010BD00009D010020ED
:1048A0008D010020F42100209701002010B504465E
:1048B000207817490870F620487060788870608802
:1048C0000012C870A07808712079487101208871A1
:1048D000607BC87100200F49087010E00D48007817
:1048E00002F0DEFD4FF6FF73082209490A48FFF780
:1048F0007EFB08B1FCF7E3FD032003F0FDFC074855
:1049000000780128EAD100200449087010BD000099
:10491000A10100208D010020F4210020970100203A
:1049200070B52DED088BB0EE408A054600260024B8
:10493000674880ED008AC5E0664890ED030A644848
:1049400080ED010A644900F091FCBDEEC00A10EE52
:10495000100A04B240F6C410844200DB04465F48EB
:10496000844200DC04462B4622460021084600F023
:104970005BFA574890ED000A10EE101A0846FBF754
:104980009CFE41EC1B0B9FED560B53EC102BFBF7E1
:104990007DFD41EC190B4F4890ED030A10EE101A03
:1049A0000846FBF78AFE41EC1A0B53EC192BFBF778
:1049B000AFFE20D8464890ED000A10EE101A0846C7
:1049C000FBF77BFE41EC1B0B9FED450B53EC102BD3
:1049D000FBF7BBFC41EC190B3E4890ED030A10EECF
:1049E000101A0846FBF769FE41EC1A0B53EC192B21
:1049F000FBF776FE03D93C480078012840D13A48BD
:104A0000007801281CD12B4600221146104600F0E8
:104A10000BFA9FED360A2E4880ED040AB5EEC08AE7
:104A2000F1EE10FA01DB02F025FBB5EEC08AF1EEE3
:104A300010FA01D802F0FCFA00202B49087042E07D
:104A4000012E03D12A48006803F086FC2B46002281
:104A50001146104600F0E8F99FED240A1C4880ED4D
:104A6000040AB5EEC08AF1EE10FA01DB02F002FB97
:104A7000B5EEC08AF1EE10FA01D802F0D9FA22E0C0
:104A8000144890ED030A1248D0ED000AB1EE041A62
:104A900070EEC10AB4EEE00AF1EE10FA12DB0D4836
:104AA00090ED030A0A48D0ED000AB1EE041A70EE48
:104AB000810AB4EEE00AF1EE10FA03D816B9012625
:104AC00002F00EFB38E700BFBDEC088B70BD0000A4
:104AD000B4280420082704202C2904203CF6FFFFDA
:104AE0002D431CEBE2361A3FBC0C002000000000F6
:104AF000B00C002070B52DED028BB0EE408A06465A
:104B00000D4600249FED1E0A1E4880ED000A2FE08E
:104B10001D4890ED030A1B4880ED010A1B4900F077
:104B2000A5FBBDEEC00A10EE100A04B2B4F5FA7F80
:104B300001DB4FF4FA7414F5FA7F00DC144C2B46B9
:104B400022460021304600F06FF912491248FCF766
:104B50007DFD104890ED020AB4EEC80AF1EE10FA9D
:104B600006DB2B4600221146104600F05DF900E0FE
:104B7000CEE700BF084800F01FFDBDEC028B70BD02
:104B800000000000842804200827042014290420A1
:104B90000CFEFFFFD82704204C0100202DE9F04730
:104BA0002DED048BB0EE408A054689461746B0EEDF
:104BB000609A9846F0EE419AB1EE040AF0EE408A0F
:104BC000002600249FED670A674880ED000A3FE059
:104BD000002D06DBAC4202DAE01904B207E02C46F5
:104BE00005E0AC4202DDE01B04B200E02C465F4869
:104BF00090ED030A5C4880ED010A5D4900F036FB48
:104C000020EE280ABDEEC00A10EE100A06B2B6F574
:104C1000FA7F01DB4FF4FA7616F5FA7F00DC554E89
:104C20004B4632460021204600F0FEF852495348D8
:104C3000FCF70CFD504890ED020A69EE080AB4EE4C
:104C4000E00AF1EE10FA00DB03E00A2003F054FB67
:104C5000BEE700BF30E0454890ED030A424880EDD2
:104C6000010A434900F002FB20EE280ABDEEC00A0B
:104C700010EE100A06B2B6F5FA7F01DB4FF4FA76B1
:104C800016F5FA7F00DC3B4E4B46324600212046AB
:104C900000F0CAF838493948FCF7D8FC364890ED9E
:104CA000020A69EE880AB4EEE00AF1EE10FA00DBBF
:104CB00003E00A2003F020FBCDE700BF49E0002D10
:104CC00009DBB4F52F7F03DDA4EB080004B20BE091
:104CD0004FF42F7408E014F52F7F03DA04EB08007B
:104CE00004B201E0234CC83C204890ED030A1E4862
:104CF00080ED010A1E4900F0B9FA20EE280ABDEE47
:104D0000C00A10EE100A06B2B6F5FA7F01DB4FF4C6
:104D1000FA7616F5FA7F00DC164E4B463246002135
:104D2000204600F081F814491448FCF78FFC124823
:104D300090ED020AB4EEC80AF1EE10FA06DB4B461B
:104D400000221146104600F06FF803E00A2003F03D
:104D5000D3FAB4E700BF094800F02EFCBDEC048B89
:104D6000BDE8F08700000000842804200827042004
:104D7000142904200CFEFFFFD82704204C0100203A
:104D800070B52DED028BB0EE408A05460E4600242C
:104D90009FED1E0A1E4880ED000A2FE01D4890ED91
:104DA000030A1B4880ED010A1B4900F05FFABDEEC3
:104DB000C00A10EE100A04B2B4F5FA7F01DB4FF41A
:104DC000FA7414F5FA7F00DC144C33462246294667
:104DD000002000F029F812491248FCF737FC10486F
:104DE00090ED020AB4EEC80AF1EE10FA06DB334683
:104DF00000221146104600F017F800E0CEE700BF91
:104E0000084800F0D9FBBDEC028B70BD000000002B
:104E10009C28042008270420202904200CFEFFFFE2
:104E2000D82704204C010020F8B505460E46174649
:104E30001C463B46324629465948FFF76BFC594908
:104E400008803B46324629465748FFF763FC5749DE
:104E500008803B46324629465548FFF75BFC5549DA
:104E600008803B46324629465348FFF753FC5349D6
:104E700008804C48B0F90000C0F3C73050490870B2
:104E80004C48B0F90000C0F3C7304E49087047489D
:104E9000B0F90000C0F3C7304B4908704748B0F97B
:104EA0000000C0F3C7304949087045480078FF2822
:104EB00006D13C480088C043401C00B239490880F4
:104EC00040480078FF2806D13A480088C043401C7B
:104ED00000B2384908803C480078FF2806D13348A2
:104EE0000088C043401C00B2304908803748007831
:104EF000FF2806D131480088C043401C00B22F492A
:104F0000088028480088C0F30B00264908802948FB
:104F10000088C0F30B002749088024480088C0F3AC
:104F20000B002249088025480088C0F30B00234964
:104F300008801C480094008883B221480278002130
:104F4000174800F0F5FC1B480094008883B21D4808
:104F500002780021164800F0EBFC14480094008809
:104F600083B21948027800210F4800F0E1FC134891
:104F70000094008883B21548027800210E4800F0A2
:104F8000D7FC0748FFF792FC0948FFF78FFC06485B
:104F9000FFF78CFC0848FFF789FCFFF757FCF8BDCA
:104FA0004C0100202C0100206C0100202E0100206B
:104FB0005C010020300100207C0100203201002033
:104FC0003401002036010020350100203701002087
:104FD00010B500231A4619461846FFF725FF10BDE5
:104FE00000BFFEE79FED130A134880ED000A9FED16
:104FF000130A80ED010A9FED120A80ED020A9FED6F
:10500000110A114880ED000A9FED0D0A80ED010A9A
:10501000B6EE000A80ED020A9FED0A0A0B4880ED09
:10502000000A9FED0B0A80ED010AB6EE000A80ED42
:10503000020A70470000204214290420CDCC4C3DC8
:10504000000000000000C842202904202C29042070
:105050009A99993E70B52DED028B9FED7E0AB0EEC8
:10506000408A00240D2002F0BDFA282001F0E6FC61
:105070000025D6E0072002F0B5FAA9E0764890EDC9
:10508000030AB0EE408A75480078032879D002F010
:105090003DFB01280AD102F029FB0446022C02D173
:1050A000FFF796FF95E0032C00D1C5E0062002F043
:1050B00079FE01280BD1072002F074FE38B90023D5
:1050C000674A19464FF4C870FFF7AEFE35E0062078
:1050D00002F068FE68B9072002F064FE012808D1DA
:1050E00000235F4A463A19464FF4C870FFF79CFE0A
:1050F00023E0062002F056FE60B9072002F052FEBF
:1051000040B900236FF4217219464FF4C870FFF7BD
:105110008BFE12E0062002F045FE01280DD107208B
:1051200002F040FE012808D100236FF421726FF0D5
:105130002C014FF4C870FFF777FE4848007820B183
:10514000012810D002282ED11CE0434890ED030A1C
:10515000DFED440AB4EEE00AF1EE10FA02D80120C5
:105160003E49087020E03C4890ED030ADFED3E0A1E
:10517000B4EEE00AF1EE10FA02DB022037490870C3
:1051800012E01BE0B5EEC08AF1EE10FA0AD2324806
:1051900090ED030AB5EEC00AF1EE10FA02DD03202D
:1051A0002E49087000E000BF00BF2C48007803289B
:1051B0000ED1FFF70DFF01F00FFF0AE002F0A6FA93
:1051C000012805D102F092FA0446032C00D133E005
:1051D00054E700BF4FF4967003F08EF8092002F0F8
:1051E00001FAC82003F088F8232001F027FCC8202A
:1051F00003F082F80A2002F0F5F900BF01F086FF03
:105200000028FBD0012001F08BFFC82003F074F8C8
:105210002DB90D2002F0E6F9282001F00FFC681CE2
:10522000C5B2022DFFF626AF002001F007FCFBF708
:10523000EFFEBDEC028B70BD0A2002F0D3F92320F3
:1052400001F0FCFB002001F0F9FBFBF7E1FE00BFE1
:10525000EFE700000000000008270420A80C002051
:10526000A8FDFFFF00002AC300002A439FED2C0A7F
:10527000F0EE401A9FED2A0AB0EE402A90ED000AA7
:10528000D0ED012A30EE620A80ED020A90ED040AA8
:10529000D0ED022A30EE220A80ED040A90ED020AD7
:1052A000D0ED032A30EE620AB0EE402A90ED040AF7
:1052B000DFED1C2AB4EEE20AF1EE10FA03DD9FEDF9
:1052C000190A80ED040A90ED040ADFED172AB4EE06
:1052D000E20AF1EE10FA03D29FED130A80ED040A00
:1052E00091ED000AD0ED022A60EE220A91ED010A4A
:1052F000D0ED042A20EE221A91ED020A20EE020AD5
:10530000F0EE401A30EE810A30EE210A80ED050AF7
:1053100090ED020A80ED030A90ED050A7047000047
:10532000000000000000C8420000C8C210B50446DA
:10533000094840780849887008460078487007484E
:1053400000780870012006490870012203490548C9
:10535000FEF7DAFD10BD0000890000208800002063
:105360008C000020C41E002010B5044606480078BA
:1053700006490870012006490870012202490548C3
:10538000FEF7C2FD10BD00007F000020810000205C
:10539000800000205C2000200EB53A48D0E91221A0
:1053A000006DCDE900210290364838300FC8FCF777
:1053B00089F8642002F0A0FF3348D0E90412806924
:1053C000CDE9001202903048143814300FC8FCF7B1
:1053D00079F8642002F090FF2A48D0E91221006D8C
:1053E000CDE900210290274838300FC8FCF76AF851
:1053F000642002F081FF2348D0E91912C06ECDE984
:10540000001202901F4854300FC8FCF75BF864206C
:1054100002F072FF1B48D0E91921C06ECDE90021CE
:105420000290184854300FC8FCF74CF8642002F082
:1054300063FF14487030D0E904128069CDE900128E
:105440000290104870300FC8FCF73CF801F0E6FC01
:1054500001F030FC642002F04FFF012001F0F6FB68
:105460004FF4967002F048FF07481C38D0E9041248
:105470008069CDE90012029003481C380FC8FCF780
:1054800021F80EBD30070020440900200EB5002091
:1054900001F0D4FA0D4A103207CA8DE807000B4814
:1054A0000FC8FCF70FF8642002F026FF0848D0E987
:1054B00004128069CDE9001202900548303830307E
:1054C0000FC8FBF7FFFF01F0A9FC0EBD300700205D
:1054D0006009002010B5022002F084F8FFF7D6FF23
:1054E000FBF796FFFFF758FF00F096F800F0DEF9A3
:1054F000FFF7B0FDFBF768FBFBF7CCFBFBF778FA97
:1055000000F002F810BD00000EB5012001F096FA7F
:105510000D48D0E904128069CDE9001202900A48D2
:10552000603860300FC8FBF7CDFF07481C30D0E96A
:1055300004128069CDE90012029003485838743093
:105540000FC8FBF7BFFF0EBD1008002010B50446C2
:105550000D48FDF708FF0D48007801280ED10B48D3
:105560004078FD280AD1094880789F2806D107484D
:10557000C0786B2802D10020054908701422034925
:105580000148FEF799FC10BD4C1F00206F28042035
:10559000AA01002010B5044606480068C069C0F39F
:1055A000001030B110200349096808622046FFF757
:1055B000CDFF10BD4C1F002010B5044620781249C5
:1055C00008700A2048706D2088706B20C870002019
:1055D0000E49087010E00D48007801F061FF4FF6A9
:1055E000FF73042208490A48FEF701FD08B1FBF7E2
:1055F00066FF032002F080FE064800780128EAD109
:1056000000200449087010BD9D0100208D0100207C
:10561000F421002097010020FEB500270025002678
:105620000B2001F0DFFF1E2001F008FA012436E113
:10563000012C02D0B42002F05FFE322002F05CFEAA
:10564000072C03D1222001F0F9F900BF00BF06208A
:1056500001F0C8FF0DE002F059F8012809D102F06D
:1056600045F80646022E00D104E0032E01D10127A1
:1056700000E0F0E700BF002F71D1092001F0B2FF78
:10568000C82002F039FE012C01D0022C03D12020C9
:1056900001F0D4F90EE0022C05DD072C03DA2120FD
:1056A00001F0CCF906E0072C01D0082C02D1232010
:1056B00001F0C4F9322002F01FFE0B2001F092FF2E
:1056C0004FF4C87002F018FE01F0F4FA681CC5B27D
:1056D00000BF01F01BFD0028FBD0012001F020FDE0
:1056E000022D17D1002001F0A9F901F0E3FA022000
:1056F00001F0ACFA01F0DEFA6B48D0E904128069DF
:10570000CDE90012029068485C385C300FC8FBF7A6
:10571000D9FEC7E0012D16D1012C01D0022C03D1F6
:10572000012001F021FA0EE0022C05DD072C03DA3E
:10573000022001F019FA06E0072C01D0082C02D152
:10574000032001F011FA082C24D2DFE804F023042E
:10575000090D11171B1F1E2001F070F91AE01EE041
:105760001F2001F06BF915E01F2001F067F911E02F
:1057700001F0A0FA1F2001F061F90BE01F2001F0F9
:105780005DF907E01F2001F059F903E0222001F044
:1057900055F900BF00BF642002F0AEFD0CE0002709
:1057A000022C05D11F2001F049F901F083FA03E032
:1057B000042C01D101F07EFA092C6DD2DFE804F04F
:1057C0006C05142324253445540037485438D0E957
:1057D00004128069CDE90012029033485C38083029
:1057E0000FC8FBF76FFE57E02F483838D0E9041296
:1057F0008069CDE9001202902B485C3824300FC834
:10580000FBF760FE48E000BF00BF27485438D0E9EE
:1058100004128069CDE90012029023485C380830F8
:105820000FC8FBF74FFE37E001F044FA1E48383846
:10583000D0E904128069CDE9001202901A485C3860
:1058400024300FC8FBF73EFE26E017485438D0E955
:1058500004128069CDE90012029013485C380830C8
:105860000FC8FBF72FFE17E0002001F0E7F801F06A
:1058700021FA022001F0EAF901F01CFA0A48D0E905
:1058800004128069CDE90012029007485C385C3050
:105890000FC8FBF717FE00BF00BF601CC4B2092C85
:1058A000FFF6C6AE00BFFEBD940300200EB51E4835
:1058B000D0E904128069CDE9001202901A48343808
:1058C00034300FC8FBF7FEFD1848D0E91912C06E3E
:1058D000CDE900120290154854300FC8FBF7F2FDD5
:1058E0001248D0E91912C06ECDE9001202900F489B
:1058F00054300FC8FBF7E6FD01F0F8FA00231A4612
:105900006FF063011846FFF78FFA0AE0062002F0F5
:1059100049FA18B1072002F045FA10B9FFF758FB11
:1059200000E0F3E700BF0EBDEC020020B80100204C
:1059300010B5029C816042704380047110BD10B5A7
:10594000FCF740FA02F08CFF012801D002F0D6FEED
:1059500010BD000000B593B0302107A8FAF7EAFCAB
:10596000142102A8FAF7E6FC00BF2648006840F0C0
:105970008050244908600846006800F0805001907B
:1059800000BF00BF00BF2048006840F440401E49EF
:1059900008600846006800F44040019000BF00BF66
:1059A0000220079001200A9010200B9002200D90F9
:1059B00000210E9108210F91D821109102211191FF
:1059C000129107A8FDF72AF808B1FBF778FDFCF75C
:1059D00023FB08B1FBF773FD0F2002900220039018
:1059E000002004904FF4A05005904FF48050069092
:1059F000072102A8FCF7CAFE08B1FBF760FD13B04F
:105A000000BD0000403802400070004003480068BC
:105A100040F47000014908607047000088ED00E024
:105A200010B502682D4B98420ED0B0F1804F0BD0CC
:105A30002B4B984208D02B4B984205D02A4B9842CA
:105A400002D02A4B984203D122F070024B681A43CD
:105A5000224B984220D0B0F1804F1DD0204B98426D
:105A60001AD0204B984217D01F4B984214D01F4B8E
:105A7000984211D01E4B98420ED01E4B98420BD02C
:105A80001D4B984208D01D4B984205D01C4B9842A4
:105A900002D01C4B984203D122F44072CB681A43C7
:105AA00022F080034C6943EA040202608B68C362FF
:105AB0000B688362094B984202D00C4B984201D18B
:105AC0000B69036301234361036903F001031BB105
:105AD000036923F00103036110BD000000000140D1
:105AE0000004004000080040000C00400004014099
:105AF00000400140004401400048014000180040BF
:105B0000001C00400020004030B50C46816821F4A4
:105B10007F4142EA032525432943816030BD0A467F
:105B2000816821F0700142F00703194381607047DA
:105B300030B50B461446026A056A25F00105056278
:105B4000816921F0F00141EA041122F00A021A43AE
:105B50008161026230BD30B50B461446026A056AA7
:105B600025F010050562816921F4704141EA043194
:105B700022F0A00242EA03128161026230BD0000FD
:105B800010B50248FDF74CFC10BD0000C41E0020FB
:105B900010B50348FFF7FEFC0148FDF741FC10BDBE
:105BA0004C1F002010B50248FDF73AFC10BD000064
:105BB000D41F002010B50248FDF732FC10BD0000D4
:105BC0005C20002090F8241001F00801082907D17A
:105BD0000168496821F40041426B11430268516039
:105BE00090F8241001F0010139B10168496821F4ED
:105BF0000031826A11430268516090F8241001F06C
:105C00000201022907D10168496821F48031C26A82
:105C100011430268516090F8241001F00401042936
:105C200007D10168496821F48021026B11430268A1
:105C3000516090F8241001F01001102907D101687B
:105C4000896821F48051826B11430268916090F859
:105C5000241001F02001202907D10168896821F46E
:105C60000051C26B11430268916090F8241001F05A
:105C70004001402913D10168496821F48011026C68
:105C8000114302685160016CB1F5801F07D10168B2
:105C9000496821F4C001426C11430268516090F8D8
:105CA000241001F08001802907D10168496821F49E
:105CB0000021826C114302685160704738B5044678
:105CC0000020C4F88400FCF777F8054620680068D7
:105CD00000F00800082820D16FF07E402B460022FB
:105CE0004FF400110090204600F090FCA8B100BFD6
:105CF00000BF216851E8001F21F08000226842E8BF
:105D000000010029F5D100BF2020E06700BF00207E
:105D100084F8780000BF032038BD2020E067C4F875
:105D2000800000202066606600BF84F8780000BF15
:105D300000BFF1E770B50546AC6B0020A4F85A002F
:105D4000A4F852002046FDF769FB70BD2DE9F04133
:105D50000546AC6BE66FD4F880702068806800F070
:105D60008000802807D1212E05D10020A4F8520000
:105D7000204600F0CDF82068806800F04000402800
:105D800007D1222F05D10020A4F85A00204600F0A8
:105D900075F8D4F8840040F01000C4F88400204660
:105DA000FDF73CFBBDE8F08170B50546AC6BE869DA
:105DB000B0F5807F40D00020A4F85A0000BF00BF9B
:105DC000216851E8001F21F48070226842E8000138
:105DD0000029F5D100BF00BF00BF2168083151E89C
:105DE000001F21F001002168083141E80002002A6B
:105DF000F3D100BF00BF00BF2168083151E8001F88
:105E000021F040002168083141E80002002AF3D166
:105E100000BF2020C4F88000206E01280CD100BFF4
:105E200000BF216851E8001F21F01000226842E8FD
:105E300000010029F5D100BF00206066206E012816
:105E400005D1B4F858102046FDF78CFA02E0204640
:105E5000FEF782F870BD70B50546AC6B0120606638
:105E6000206E012806D1B4F8580041082046FDF7FD
:105E700079FA02E02046FEF7B9F870BD00BF00BF16
:105E8000026852E8002F22F49071036843E8001280
:105E9000002AF5D100BF00BF00BF0268083252E8F7
:105EA000002F22F001010268083242E80013002BA3
:105EB000F3D100BF016E01290CD100BF00BF026801
:105EC00052E8002F22F01001036843E80012002A74
:105ED000F5D100BF2021C0F8801000210166816645
:105EE000704710B5044600BF00BF216851E8001F8D
:105EF00021F04000226842E800010029F5D100BFEE
:105F00002020E0670020E0662046FEF7CDF810BDB7
:105F100000BF00BF026852E8002F22F0C0010368F2
:105F200043E80012002AF5D100BF2021C167704765
:105F30002DE9F0410446B4F85C70D4F880002228C2
:105F40006AD12068406A86B2656D06EA070028803B
:105F5000606D801C6065B4F85A00401EA4F85A00B9
:105F6000B4F85A0000285DD100BF00BF216851E895
:105F7000001F21F49070226842E800010029F5D149
:105F800000BF00BF00BF2168083151E8001F21F0A9
:105F900001002168083141E80002002AF3D100BF66
:105FA0002020C4F880000020A06660662068406859
:105FB00000F4000060B100BF00BF216851E8001F7D
:105FC00021F08060226842E800010029F5D100BF7D
:105FD000206E01281CD10020206600BF00BF216870
:105FE00051E8001F21F01000226842E8000100295A
:105FF000F5D100BF2068C069C0F3001010B11020B7
:1060000021680862B4F858102046FDF7ABF909E0A2
:106010002046FDF7A1FF05E02068806940F00800F8
:1060200021688861BDE8F08170B50446B4F85C6011
:10603000D4F8800022286AD12068406A85B2F0B284
:106040002840616D0870606D401C6065B4F85A00AE
:10605000401EA4F85A00B4F85A0000285DD100BFD1
:1060600000BF216851E8001F21F49070226842E8C7
:1060700000010029F5D100BF00BF00BF2168083131
:1060800051E8001F21F001002168083141E80002B9
:10609000002AF3D100BF2020C4F880000020A066B1
:1060A00060662068406800F4000060B100BF00BF77
:1060B000216851E8001F21F08060226842E8000159
:1060C0000029F5D100BF206E01281CD100202066D8
:1060D00000BF00BF216851E8001F21F010002268B6
:1060E00042E800010029F5D100BF2068C069C0F373
:1060F000001010B1102021680862B4F85810204632
:10610000FDF730F909E02046FDF726FF05E020689D
:10611000806940F008002168886170BD2DE9F04772
:1061200005464FF0000A2969A868084369690843D1
:10613000E96940EA010828680068BC49084040EA6B
:106140000800296808602868406820F44050E96821
:10615000084329684860D5F81880286A40EA08088A
:106160002868806820F4306040EA08002968886068
:1061700000BFAF492868884216D1AE48006800F0D9
:10618000030030B1012808D0022804D0032808D128
:1061900005E0012407E0022405E0042403E00824CC
:1061A00001E0102400BFC9E0A3492868884216D145
:1061B000A048006800F00C0030B1042808D008287E
:1061C00004D00C2808D105E0002407E0022405E0F3
:1061D000042403E0082401E0102400BFAEE0974946
:1061E0002868884216D19348006800F0300030B12A
:1061F000102808D0202804D0302808D105E0002439
:1062000007E0022405E0042403E0082401E0102450
:1062100000BF93E08A492868884216D18548006803
:1062200000F0C00030B1402808D0802804D0C02839
:1062300008D105E0002407E0022405E0042403E07F
:10624000082401E0102400BF78E07E4928688842D5
:1062500019D17848006800F4407048B1B0F5807FEB
:106260000AD0B0F5007F05D0B0F5407F08D105E039
:10627000002407E0022405E0042403E0082401E0F0
:10628000102400BF5AE070492868884219D1694833
:10629000006800F4406048B1B0F5806F0AD0B0F5F6
:1062A000006F05D0B0F5406F08D105E0012407E08C
:1062B000022405E0042403E0082401E0102400BFC8
:1062C0003CE062492868884219D15A48006800F4C5
:1062D000405048B1B0F5805F0AD0B0F5005F05D0FE
:1062E000B0F5405F08D105E0002407E0022405E096
:1062F000042403E0082401E0102400BF1EE05449F8
:106300002868884219D14B48006800F4404048B1E1
:10631000B0F5804F0AD0B0F5004F05D0B0F5404F32
:1063200008D105E0002407E0022405E0042403E08E
:10633000082401E0102400BF00E0102400BFE86939
:10634000B0F5004F39D1092C17D2DFE804F0050968
:106350000D160F1616161300FCF7E8FA064610E0A5
:10636000FCF7F4FA06460CE03A4E0AE0FCF7FEFAB7
:10637000064606E04FF4004603E000264FF0010A0F
:1063800000BF00BF86B37000696800EB5100B0FB2E
:10639000F1F7102F0ED3B7F5803F0BD24FF6F07008
:1063A00007EA0009C7F3420049EA00092868C0F873
:1063B0000C9034E04FF0010A31E0092C18D2DFE8EC
:1063C00004F005090D170F1717171400FCF7AEFAA4
:1063D000064611E0FCF7BAFA06460DE01D4E0BE04A
:1063E000FCF7C4FA064607E019E04FF4004603E064
:1063F00000264FF0010A00BF00BF86B1686806EBB7
:1064000050006968B0FBF1F7102F06D3B7F5803F55
:1064100003D2B8B22968C86001E04FF0010A002039
:10642000A866E8665046BDE8F0870000F369FFEF14
:1064300000100140903802400044004000480040F5
:10644000004C004000500040001401400078004023
:10645000007C00400024F40070B504460E4615464A
:1064600044F8546FA580002020632220E062206A57
:10647000543CE0B12548616FC8632548616F0864EA
:106480002448616FC8640020616F0865236803F1C8
:1064900024012B46626D606FFBF730FB38B1102092
:1064A000C4F884002020C4F88000012070BD206959
:1064B00060B100BF00BF216851E8001F41F4807047
:1064C000226842E800010029F5D100BF00BF00BFEB
:1064D0002168083151E8001F41F0010021680831AE
:1064E00041E80002002AF3D100BF00BF00BF2168CD
:1064F000083151E8001F41F040002168083141E8AF
:106500000002002AF3D100BF0020CFE7A95D0008F8
:10651000575E00084D5D000830B503465965A3F885
:106520005820A3F85A200020986600BF9868B0F55C
:10653000805F0AD1186920B940F2FF10A3F85C000F
:1065400020E0FF20A3F85C001CE0986848B91869B7
:1065500018B9FF20A3F85C0014E07F20A3F85C00CA
:1065600010E09868B0F1805F09D1186918B97F20F0
:10657000A3F85C0006E03F20A3F85C0002E00020E6
:10658000A3F85C0000BF0020C3F884002220C3F8F9
:10659000800000BF00BF1C68083454E8004F44F07E
:1065A00001001C68083444E80005002DF3D100BF49
:1065B0009868B0F5805F04D1186910B911489866E1
:1065C00001E011489866186960B100BF00BF1C68FF
:1065D00054E8004F44F490701D6845E80004002C16
:1065E000F5D10CE000BF00BF1C6854E8004F44F038
:1065F00020001D6845E80004002CF5D100BF0020F4
:1066000030BD0000315F0008296000082DE9F0412D
:1066100004460D4617469846069E41E0701C002829
:106620003ED0FBF7C9FBA0EB0800B04200D816B97A
:106630000320BDE8F0812068006800F0040070B31A
:10664000802D2DD0402D2BD02068C069C0F3C00014
:1066500078B10820216808622046FFF70FFC082067
:10666000C4F8840000BF002084F8780000BF012037
:10667000DFE72068C069C0F3C02080B14FF400603C
:10668000216808622046FFF7F9FB2020C4F8840047
:1066900000BF002084F8780000BF0320C9E7FFE7AF
:1066A0002068C0692840A84201D1012000E00020F4
:1066B000B842B3D00020BCE710B50248FCF7B0FEEA
:1066C00010BD0000E42000202DE9F0412DED068BE7
:1066D0000026002768480068C069C0F30016002E35
:1066E0007DD010206449096808626348FCF73BFECE
:1066F000624800684768C7F11600614908700024C5
:1067000008460078A0F101089EE05E48005D55282B
:1067100066D15C49601C085C532861D158480078F8
:10672000001B0B285CDB0025002005E00119554A01
:10673000515C2944CDB2401C0A28F7DB04F10A0061
:106740005049085CA8427DD1A01D0A46125CE01D9C
:106750000B46185C42EA002000EE100AB8EEC00AB0
:1067600010EE101A0846F9F7A8FF41EC1A0B9FED3E
:10677000460B53EC102BF9F78FFE41EC190B9FEDF4
:10678000440B53EC102BF9F7F9FE41EC180BF9F719
:10679000D7FF00EE100A404880ED000A90ED000A95
:1067A000DFED3E0AB4EEE00AF1EE10FA08DB90ED00
:1067B000000ADFED3A0A30EE600A80ED000A12E0CE
:1067C000354890ED000AB5EEC00AF1EE10FA0AD88D
:1067D00090ED000ADFED310A30EE200A01E03FE0E3
:1067E00031E080ED000A2C4890ED000AD0ED040A5B
:1067F00030EE200A80ED030A90ED030ADFED280A4F
:10680000B4EEE00AF1EE10FA08DB90ED030ADFEDDA
:10681000230A30EE600A80ED030A11E01E4890ED75
:10682000030ADFED200AB4EEE00AF1EE10FA07D811
:1068300090ED030ADFED190A30EE200A80ED030A1D
:1068400005E0FFE700BF641C4445FFF65EAF00BFF4
:1068500016210C48F9F76EFD00200949087000BFA9
:10686000162208490448FDF727FB0348FCF7D8FD2A
:10687000BDEC068BBDE8F0816C21002024240020B3
:106880007E000020F026042000000000008066400A
:10689000000000000000E040082704200000B4438E
:1068A00000003443000034C370B5002400253C4888
:1068B000FCF7B6FD3A480068C069C0F300143948D7
:1068C0000078002839D1002C37D0102034490968CD
:1068D00008623348FCF747FD334800684568C5F156
:1068E0000A003249087001203149087008460078D2
:1068F00001281BD12D480078C0B12C480078801E9B
:106900002C49085C2C49897888420CD127480078AA
:10691000401E2849085C2849C978884203D10120D3
:106920002649087002E00020244908700A21214805
:10693000F9F700FD00201D4908701A480078012869
:1069400026D10CB310201649096808621448FCF7D8
:106950000AFD154800684568C5F11000184908701F
:106960000120134908700846007801280DD1144809
:10697000007850B112480078401E1249085C6B281C
:1069800006D101201049087002E000200E4908706D
:106990000020074908700248FCF742FD70BD000066
:1069A000F42100208D0100204425002096010020C4
:1069B0008C010020482804208E010020970100202F
:1069C00098010020522804209901002010B50348A6
:1069D000FDF7BEFB0148FCF723FD10BD7C22002023
:1069E00000BFFEE702480068C0F3022070470000C5
:1069F0000CED00E010B5002804DB0A07130E054A71
:106A0000135406E00A07140E034A00F00F031B1F7D
:106A1000D45410BD00E400E018ED00E002E008C826
:106A2000121F08C1002AFAD170477047002001E008
:106A300001C1121F002AFBD17047000070B5044647
:106A400064250A2094FBF0F00C2846D2DFE800F021
:106A5000060F4518212A45334545453C0A2094FB3D
:106A6000F0F100FB1140274931F8105037E00A20BF
:106A700094FBF0F100FB1140234931F810502EE057
:106A80000A2094FBF0F100FB1140204931F810502E
:106A900025E00A2094FBF0F100FB11401C4931F87D
:106AA00010501CE00A2094FBF0F100FB1140194942
:106AB00031F8105013E00A2094FBF0F100FB114074
:106AC000154931F810500AE00A2094FBF0F100FB60
:106AD0001140124931F8105001E0002500BF00BFFD
:106AE0007DB12946204600F04BF90121204600F0F7
:106AF00027F902E00A2001F0FFFB00F027F8002848
:106B0000F8D070BDAE000020C0000020D2000020F0
:106B1000E4000020F6000020080100201A010020F7
:106B200010B5072206490748FDF7EEF9002004E0FA
:106B3000054901F82000411CC8B20528F8DB10BD4A
:106B4000A6000020D41F0020C2270420054800789A
:106B5000012804D10020034908700120704700205B
:106B6000FCE70000AD00002010B50446012C22D146
:106B700000BF00F0CBFA0028FBD0142000F0B0FBDF
:106B8000022000F0CDFA00BF00F0C0FA0028FBD0D0
:106B9000092000F027FD642001F0AEFB1E20FFF766
:106BA0004DFF642001F0A8FB0B2000F01BFDC82066
:106BB00001F0A2FB48E0022C22D100BF00F0A6FAAF
:106BC0000028FBD0142000F08BFB022000F0A8FA74
:106BD00000BF00F09BFA0028FBD0092000F002FD66
:106BE000642001F089FB1F20FFF728FF642001F0DB
:106BF00083FB0B2000F0F6FCC82001F07DFB23E0B6
:106C0000032C21D100BF00F081FA0028FBD0142012
:106C100000F066FB022000F083FA00BF00F076FA75
:106C20000028FBD0092000F0DDFC642001F064FBAB
:106C30002220FFF703FF642001F05EFB0B2000F031
:106C4000D1FCC82001F058FB10BD000010B504466F
:106C5000012C15D100231A4619464FF49670FEF701
:106C6000E3F80BE0012001F09DF8012806D1022095
:106C700001F098F810B9FEF7ABF900E0F2E716E082
:106C8000022C14D100231A4619460948FEF7CCF805
:106C90000BE0012001F086F838B9022001F082F8FB
:106CA000012802D1FEF794F900E0F2E700BF10BD21
:106CB000D4FEFFFF10B5082001F074F818B10920C8
:106CC00001F070F8C0B900231A4664211846FEF797
:106CD000ABF80CE0082001F065F8012807D1092085
:106CE00001F060F8012802D1FEF772F900E0F1E747
:106CF00000BF00F093F81FE00A2001F053F8D8B964
:106D00000B2001F04FF8B8B9082001F04BF801282A
:106D100012D1092001F046F801280DD100231A46AE
:106D200064211846FEF780F84FF4967001F0E4FAFB
:106D3000FEF74EF900F072F800F04EF910BD0000B9
:106D40007CB505460C4655208DF800008DF80100F5
:106D500005208DF8020006208DF803008DF8045000
:106D6000E0B28DF80500200A8DF806004FF6FF739B
:106D7000072269460148FDF73AF97CBDD41F00207F
:106D80007CB505460C4655208DF800008DF80100B5
:106D900005208DF802000B208DF803008DF80450BB
:106DA000E0B28DF80500200A8DF806004FF6FF735B
:106DB000072269460148FDF71AF97CBDD41F00205F
:106DC0007047000010B50248FCF7EAF910BD00005A
:106DD000CC1D00200EB50020FFF730FE0D4A10320A
:106DE00007CA8DE807000B480FC8FAF76BFB642051
:106DF00001F082FA0848D0E904128069CDE9001256
:106E0000029005484C384C300FC8FAF75BFB00F095
:106E100005F80EBDB80100200404002010B500BF25
:106E200000231A4630491846FDF7FEFF0AE00A2003
:106E300000F0B8FF18B10B2000F0B4FF10B9FEF756
:106E4000C7F800E0F3E700BF4AE00A2000F0AAFF1D
:106E500001280AD10B2000F0A5FF30B900239622AB
:106E600019461846FDF7E0FF3AE00A2000F09AFFC5
:106E700060B90B2000F096FF012807D100236FF0C6
:106E8000950219461846FDF7CFFF29E00A2000F0C9
:106E900089FF012805D10B2000F084FF012800D1D3
:106EA000BEE70A2000F07EFFD0B90B2000F07AFF89
:106EB000B0B9FEF78DF8322001F01EFA0A2000F07A
:106EC00071FF30B90B2000F06DFF10B9FEF780F8AC
:106ED00007E000231A466FF063011846FDF7A4FF90
:106EE000B3E700BF10BD0000D4FEFFFF10B53DE0CA
:106EF000032000F057FF01280BD1042000F052FFBF
:106F000038B900231A4619466FF0C700FDF78CFF09
:106F10002CE0032000F046FF58B9042000F042FFA7
:106F2000012806D100231A461946C820FDF77CFF28
:106F30001CE0032000F036FF01280CD1042000F0F3
:106F400031FF012807D100231A466FF0C701184608
:106F5000FDF76AFF0AE0032000F024FF30B90420A7
:106F600000F020FF10B9FEF733F800E0C0E700BFE3
:106F700010BD00207047000010B51248006840F0B6
:106F800010001049086010480068006840F01000C8
:106F90000D490968086016220C490B48FCF78CFF64
:106FA00000BF4FF6FF73052209490748FDF71FF898
:106FB000084890ED030AB5EEC00AF1EE10FAF0D1E0
:106FC00010BD0000204400406C210020F026042069
:106FD000F48A00080827042010B52DED028B9FEDE0
:106FE000120AB0EE408A322001F086F900240AE04D
:106FF000142001F081F90D4890ED000A30EE080AE6
:10700000B0EE408A641C0A2CF2DBB2EE040AC8EE31
:10701000000AB0EE608ADFED040AB0EE480A00F024
:1070200065FABDEC028B10BD0000000008270420AB
:107030000D4890ED040ADFED0D0A30EE200A80EDD8
:10704000040A90ED040ADFED0A0AB4EEE00AF1EE5C
:1070500010FA07DB90ED040ADFED050A30EE600A56
:1070600080ED040A70470000082704200000B442A5
:107070000000B4430D4890ED040ADFED0D0A30EE38
:10708000600A80ED040A90ED040ADFED0A0AB4EE0E
:10709000E00AF1EE10FA07D890ED040ADFED060AD7
:1070A00030EE200A80ED040A704700000827042013
:1070B0000000B4420000B4C30000B44310B504465D
:1070C000322001F019F901200349087003480068D3
:1070D00001F042F910BD0000BC0C0020B00C0020F3
:1070E0001CB505480E2100234022CDE9001003A164
:1070F000054801F01FFB1CBDB00C00206779726FC2
:107100005F7461736B000000BD7000080348007875
:1071100008B1002070470120FCE70000900000202B
:1071200001490870704700009000002010B500F081
:1071300007FF07E0122000F035FE012802D100F021
:1071400035FF00E0F6E700BF10BD10B500F01AFFF4
:1071500010BD10B5044604EB84010802002100F0C4
:1071600043FF00BF00F07CFF0128FBD010BD0000F2
:1071700010B51F48007801282AD14FF496701D4998
:1071800008801FE000F09CFE012805D100F092FE6F
:10719000044600F04DF816E016480088002805DD8A
:1071A00014480088401E1349088008E011480088F0
:1071B00028B900F085FEFF2000F03AF803E0052032
:1071C00001F09AF8DEE700BF0020094908700EE0E0
:1071D00007480078022807D10748007800F058F8DF
:1071E00000200349087002E000200149087010BD2A
:1071F000900000208E0000209100002010B5012199
:107200004FF4A06000F0F0FE00BF00F029FF01285D
:10721000FBD010BD10B5044604EB84010802012127
:1072200000F0E2FE00BF00F01BFF0128FBD010BD04
:1072300010B5044613480078134991F900108842AC
:1072400015D112480F49097844540E4800780B288C
:107250000ADA0C480078401C0A4908700A4800788D
:10726000401C40B208490870FFF7C8FF08E0074813
:10727000054991F9001044540248007800F03AF8AA
:1072800010BD000094000020950000203627042047
:1072900010B504460F200F490870002008E00E4981
:1072A000095CA14202D10B49087003E0411CC8B23D
:1072B0000C28F4DB00BF074800780B2804DD802190
:1072C0000648F9F737F803E00248007800F012F8B2
:1072D00010BD00009600002036270420422704201D
:1072E000024908700221024A117070479100002083
:1072F0009000002070B5044600250B2C01DC002C0A
:1073000000DA70BD1D4890F90000844204DA1B4881
:107310000078001B45B203E018480078001B45B216
:10732000002D12DD062D06DAE8B2FFF712FF60B27B
:107330001249087020E0C5F10C0045B2E8B2FFF731
:1073400069FF60B20D49087016E0002D14DA15F1DE
:10735000060F07DD6942C8B2FFF75CFF60B207495C
:10736000087009E0C5F1F40045B26942C8B2FFF700
:10737000F0FE60B20149087000BFC2E7950000202E
:1073800004E0FFF7F5FE0A2000F0B6FFF9E7000081
:107390001CB506480E2100234FF48072CDE9001081
:1073A00003A1064801F0C6F91CBD0000C80C00206E
:1073B0006C6F61645F7461736B000000817300081F
:1073C000FCF782FEFAF70AFDFEF7C4FAFCF740FF6D
:1073D000FCF7D6FEFCF7BCFFFCF7F4FFFDF728F83E
:1073E000FDF756F9FDF734F9FDF75AF8FDF790F877
:1073F000FDF76EF9FDF7ECF8FDF70AF9FDF7C8F8AF
:10740000FDF7A6F800F084FD00F0A0F900BFFEE74C
:1074100002E0142000F070FF094800780028F8D03E
:10742000FCF745FE0AE0FFF781FEF9F7A9FA05200F
:1074300000F062FF0348006800F08EFFF3E70000F1
:10744000D00C0020B00100201CB506480D210023FF
:107450004FF40062CDE9001003A1064801F06AF97B
:107460001CBD0000B00100206D61696E5F74617326
:107470006B000000117400080748006840F010001D
:107480000549086005480068006840F0100003499D
:10749000096808607047000020480040F42100207F
:1074A00010B5044664B90E480068006840F010004A
:1074B0000B49096808600A220A490948FCF7FCFCE4
:1074C000012C0CD106480068006840F01000044907
:1074D00009680860102204490148FCF7EDFC10BD62
:1074E000F4210020482804205228042000B5B0EEE2
:1074F000402AF0EE602AF0EE620AB0EE420A00F096
:1075000049F8024880ED040A00BD00000827042065
:1075100001782C290CD14178122909D181780129CF
:1075200006D101795B2903D1C178174A117029E08E
:1075300001783C2926D14178132923D1817801296A
:1075400020D1C17A5B291DD180210F4A1170C178E9
:10755000027941EA02210D4A11804179827941EA9A
:1075600002210A4A5180C179027A41EA0221074A7E
:107570009180417A827A41EA0221044AD180012134
:10758000034A117070470000830000202C2704205C
:1075900085000020B0EE401A70EEC11AB0EE610A0C
:1075A000DFED0D1AB4EEE10AF1EE10FA06DDDFEDC3
:1075B0000B1A70EE611AB0EE610A0CE0DFED081AEA
:1075C000B4EEE10AF1EE10FA05D2DFED041A70EE26
:1075D000211AB0EE610A7047000034430000B44342
:1075E000000034C37CB50446C82500203C4908701F
:1075F0002C208DF8000012208DF8010000208DF85D
:1076000003005B208DF804000E2C3CD2DFE804F070
:107610003B070B330F13171B231F272B2F3701207B
:107620008DF8020030E002208DF802002CE01120DD
:107630008DF8020028E012208DF8020024E02120BD
:107640008DF8020020E031208DF802001CE0F020CF
:107650008DF8020018E041208DF8020014E0F120BE
:107660008DF8020010E0F2208DF802000CE0F3200B
:107670008DF8020008E0FF208DF8020004E0F420FD
:107680008DF8020000E000BF00BF9DF80200154920
:10769000087000BF4FF47A73052269461248FCF760
:1076A000A6FC0DE0012000F027FE681E85B200F068
:1076B0002DF8012804D100F019F8012800D17CBD73
:1076C000002DEFDC06480078032806DA044800782D
:1076D000401C03490870C825DCE70020EFE70000E4
:1076E00087000020860000207C2200200021064820
:1076F000007830B1044801780020034A1070084631
:1077000070470020FCE70000830000200448007858
:1077100020B1002002490870012070470020FCE7DA
:107720008400002010B507480068006840F0100091
:107730000449096808600F2203490248FCF7BCFBB2
:1077400010BD00007C2200201C27042010B500F092
:107750007FFE002010BD00002DE9F04105460E46D9
:107760001F48076800201F49096881F85E001D480E
:107770000068001D00F0B8FC50B91A48006890F885
:107780002C1001208840184909688143164801607F
:10779000681C38B936B113480168091D134800F058
:1077A000EEFC1AE07C190F4800684460BC4207D226
:1077B0000C480168091D0E48006800F0C6FC0CE08A
:1077C00008480168091D0B48006800F0BEFC0A4823
:1077D0000068844201D208480460BDE8F0810000DE
:1077E000240000201000002028000020E0260020B7
:1077F00018000020140000204000002010B50446AE
:1078000000F0CAFC24480068401C23490860234853
:10781000006840B9214804600846006801280DD17D
:1078200000F04EF90AE01E48006838B91B480068AD
:10783000C06AE16A884201D81848046019480068A3
:10784000401C1849086008460068606494F82C10D1
:107850000120884014490968084313490860E16A17
:1078600001EB8101114A02EB8100211D00F087FC30
:1078700000F0C0FC0A48006868B108480068C06AA7
:10788000E16A884207D24FF0805009490860BFF38F
:107890004F8FBFF36F8F10BD20000020100000201D
:1078A0002C0000203C00002028000020042600209E
:1078B00004ED00E010B516E000F06EFC0C48C06866
:1078C000C468201D00F010FC0A480068401E0949E9
:1078D000086009480068401E0749086000F08AFCFB
:1078E000204600F00BF8044800680028E4D110BDE1
:1078F000CC260020200000201C00002010B50446EB
:1079000094F85D0030B9206B00F094FC204600F044
:1079100091FC1CE094F85D00012803D1204600F0A2
:1079200089FC14E094F85D00022801D1012000E0F8
:10793000002060B900BF502072B680F31188BFF3F9
:107940004F8FBFF36F8F62B600BF00BFFEE710BD61
:1079500030B5174B174800F007042CB1C01D20F0BC
:107960000700144C041B1B1B0246134C226000240E
:10797000114D6C60D018083820F007000F4C2060C3
:1079800000240E4D2D686C600C4D2D682C60114646
:10799000441A4C60094C24680C60094D4C682C60FA
:1079A000084D4C682C604FF00044074D2C6030BDF2
:1079B000FCFF0300F4260020540000205C0000209F
:1079C00064000020600000206800002000BFFFF776
:1079D00071FF07480068012807D94FF0805005491A
:1079E0000860BFF34F8FBFF36F8F00F09DFBEEE792
:1079F0000426002004ED00E02DE9F05F82460E46EB
:107A000090469B460A9F0C9C4FEA8801A522206B5A
:107A1000F8F789FCA8F10100216B01EB800929F03E
:107A2000070909F0070008B9012000E0002060B94B
:107A300000BF502072B680F31188BFF34F8FBFF3A1
:107A40006F8F62B600BF00BFFEE786B1002507E07A
:107A5000715D04F134004155705D00B902E06D1CA8
:107A6000102DF5D300BF00214320015502E0002076
:107A700084F83400072F00D30627E762E76400206C
:107A80002065201D00F05EFB04F1180000F05AFB99
:107A90002461C7F10700A061646200206065A065F1
:107AA00084F85C0084F85E005A465146484600F06F
:107AB00051F920600B9808B10B980460BDE8F09F65
:107AC00010B5002407E004EB84010F4A02EB8100AB
:107AD00000F02BFB641C072CF5D30C4800F025FBB1
:107AE0000B4800F022FB0B4800F01FFB0A4800F097
:107AF0001CFB0A4800F019FB0448094908600448C7
:107B00000849086010BD00000426002090260020CF
:107B1000A4260020B8260020CC260020E026002045
:107B2000140000201800002010B50146164800E09F
:107B3000006803688B42FBD30246436813448B42C0
:107B400004D143684C682344436001460A464B68AD
:107B500013440468A34211D10C4C03682468A34267
:107B600008D04B680468646823444B6003681B6852
:107B70000B6005E0054B1B680B6001E003680B60C0
:107B8000884200D0016010BD540000205C0000203D
:107B90000A490968096809B9012100E0002121B1F9
:107BA0004FF0FF31064A116006E004490968C968D0
:107BB000C868034A41681160704700001400002043
:107BC0004000002010480068401C08B9012000E077
:107BD000002060B900BF502072B680F31188BFF357
:107BE0004F8FBFF36F8F62B600BF00BFFEE700BFCD
:107BF000502072B680F31188BFF34F8FBFF36F8FA1
:107C000062B600BF00BFFEE76C0000202DE9F04126
:107C100004464FF0000800F079FC4948006808B9B4
:107C2000FFF796FE47480068204000286FD1E4B176
:107C3000083404F00700C0B104F00700C0F10800E8
:107C4000044404F0070008B9012000E0002060B9F6
:107C500000BF502072B680F31188BFF34F8FBFF37F
:107C60006F8F62B600BF00BFFEE7002C4FD03648D2
:107C7000006884424BD8354E3046056801E02E46F8
:107C80002D686868A04202D228680028F7D12C48E5
:107C9000006885423BD0306800F1080828683060F1
:107CA0006868001B10281BD92F1907F0070008B9B6
:107CB000012000E0002060B900BF502072B680F3C0
:107CC0001188BFF34F8FBFF36F8F62B600BF00BF45
:107CD000FEE76868001B78606C603846FFF724FF99
:107CE000194968680968081A174908600846006851
:107CF00017490968884203D213480068144908608C
:107D0000104968680968084368600020286000F02E
:107D10005DFE08F0070008B9012000E0002060B90E
:107D200000BF502072B680F31188BFF34F8FBFF3AE
:107D30006F8F62B600BF00BFFEE74046BDE8F0812E
:107D40005C0000206800002060000020540000203B
:107D500064000020001F4FF080730360001F21F0BB
:107D600001030360001F054B036014380260001F0D
:107D70006FF002030360203870470000C57B0008E5
:107D800001480078704700008900002010B50122EA
:107D900002490348FCF7B8F810BD00008800002035
:107DA000C41E002010B50446142C76D2DFE804F07F
:107DB000750A0F141A1F242A30363C42484E535875
:107DC0005D63697010213648F9F7EEFF10BD802120
:107DD0003348F9F7E9FFF9E74FF480413148F9F703
:107DE000E3FFF3E708213048F9F7DEFFEEE704216F
:107DF0002D48F9F7D9FFE9E74FF400412B48F9F78F
:107E0000D3FFE3E74FF400412548F9F7CDFFDDE765
:107E10004FF480612248F9F7C7FFD7E74FF480514C
:107E20002248F9F7C1FFD1E74FF480411C48F9F728
:107E3000BBFFCBE74FF480611C48F9F7B5FFC5E7FE
:107E40004FF480711648F9F7AFFFBFE701211448DE
:107E5000F9F7AAFFBAE702211148F9F7A5FFB5E73C
:107E600008210F48F9F7A0FFB0E74FF400510D4883
:107E7000F9F79AFFAAE74FF400410D48F9F794FF8C
:107E8000A4E74FF400410848F9F78EFF9EE704E0AD
:107E900020210548F9F788FF98E700BF96E7000022
:107EA000000C0240000402400008024000100240A2
:107EB0000000024001480078704700008100002067
:107EC0000448007820B10020024908700120704762
:107ED0000020FCE78000002010B501220249034881
:107EE000FCF712F810BD00007F0000205C2000208D
:107EF00010B5044600F050F900F0DEF8FFF748FA3C
:107F0000FFF7A2FA00F076F9002000F025FA10BD84
:107F10001CB506480E2100234FF48072CDE90010F5
:107F200003A1064800F006FC1CBD0000C40C0020A4
:107F300073746172745F7461736B0000F17E00088A
:107F40001CB500200090019001208DF800009A20BF
:107F50008DF8010003208DF8020000208DF8030049
:107F60006B208DF804004FF6FF7305226946034825
:107F7000FCF73DF80120024908701CBD4C1F002091
:107F8000AC01002010B507480068006840F0100000
:107F9000044909680860142203490248FBF78CFF72
:107FA00010BD00004C1F00206F28042008B50020E1
:107FB000009001208DF800009C208DF801004820E1
:107FC0008DF802006B208DF803004FF6FF7304223A
:107FD00069460348FCF70BF800200249087008BD09
:107FE0004C1F0020AC0100207FB504460D46002048
:107FF000009001900290039001208DF80000FD2078
:108000008DF801008DF802500B208DF80300B82088
:108010008DF8040080208DF80500200E8DF80600F4
:10802000200C8DF80700200A8DF80800E0B28DF8CA
:10803000090000208DF80A008DF80B006B208DF8E8
:108040000C004FF6FF730D2269460348FBF7CFFF84
:108050000120024908707FBD4C1F0020AA010020AA
:108060000348007808B1012070470020FCE70000B9
:10807000AA01002010B50446FEF7A4FEFEF77CFF1F
:10808000FFF784FEFCF7AEFFFFF7F6F9FFF724FFDA
:10809000FEF746FDFFF746FBFFF757F801200449BE
:1080A000087004490870002000F056F910BD000067
:1080B0007D000020D00C00201CB506480E210023B6
:1080C0004FF48072CDE9001003A1064800F032FBA6
:1080D0001CBD0000CC0C0020757365725F696E6971
:1080E000740000007580000801460A69D1E901307A
:1080F0009860D1E9010358605068884201D18868CE
:108100005060002008611068401E106010687047C1
:10811000034B0360034B0B604FF4806313607047A5
:10812000D40C0020340D0020704700F1080141609C
:108130004FF0FF31816000F10801C1600161002151
:108140000160704700210161704710B502460B685D
:108150005C1C0CB9106907E002F1080000E04068FF
:10816000446824689C42FAD944684C604C68A16019
:10817000886041600A611468641C146010BD426824
:108180004A6093688B6093685960916008610368E6
:108190005B1C03607047000000BF502072B680F384
:1081A0001188BFF34F8FBFF36F8F62B600BF0F48C8
:1081B0000068401C0D49086008460068012814D179
:1081C0000B480068C0B208B9012000E0002060B987
:1081D00000BF502072B680F31188BFF34F8FBFF3FA
:1081E0006F8F62B600BF00BFFEE770476C000020D3
:1081F00004ED00E00E48006860B900BF502072B680
:1082000080F31188BFF34F8FBFF36F8F62B600BF4B
:1082100000BFFEE706480068401E054908600846A2
:10822000006820B9002080F3118800BF00BF7047AC
:108230006C00002070B506463546002E43D0083D40
:108240002C46214960680968084008B1012000E017
:10825000002060B900BF502072B680F31188BFF3D0
:108260004F8FBFF36F8F62B600BF00BFFEE720687D
:1082700008B9012000E0002060B900BF502072B6AC
:1082800080F31188BFF34F8FBFF36F8F62B600BFCB
:1082900000BFFEE70C4960680968084098B1206893
:1082A00088B90949606809688843606000F02EF960
:1082B0000649606809680844044908602046FFF7D9
:1082C00033FC00F083FB70BD6800002060000020DC
:1082D00000204FF0E02108618861064800684FF4F3
:1082E0007A71B0FBF1F0401E4FF0E02148610720A9
:1082F000086170470C00002070B504460025E4B109
:108300001348006808B9012000E0002060B900BFF0
:10831000502072B680F31188BFF34F8FBFF36F8F79
:1083200062B600BF00BFFEE700F0F0F80021204673
:10833000FFF712FA00F04AFB05463DB94FF08050B6
:1083400004490860BFF34F8FBFF36F8F70BD00000B
:108350004800002004ED00E070B50546FFF71CFF63
:1083600015B93148006800E028460446201DFFF793
:10837000BBFE78B9E06A00EB80002C4951F8200080
:1083800040B994F82C10012088402949096881439C
:1083900027480160A06A18B104F11800FFF7A4FE95
:1083A00024480068401C234908601F480068844234
:1083B00009D1211D2048FFF7E2FE20480068401C3B
:1083C0001E49086009E01E480068401E1C490860FC
:1083D0002046FFF793FAFFF7DBFBFFF70BFF194887
:1083E0000068F8B11048006884421BD11648006844
:1083F00008B9012000E0002060B900BF502072B62B
:1084000080F31188BFF34F8FBFF36F8F62B600BF49
:1084100000BFFEE74FF080500C490860BFF34F8F5C
:10842000BFF36F8F70BD00001000002004260020F5
:10843000280000203C000020CC2600201C0000204A
:10844000200000202C0000204800002004ED00E067
:1084500010B586B000200590049003AA04A905A8D1
:10846000FFF756FE0022DDE904101346CDE9002196
:1084700002901FA12048039A00F08EF91F4908605E
:108480000846006808B1012400E00024012C19D13D
:1084900000BF502072B680F31188BFF34F8FBFF337
:1084A0006F8F62B600BF4FF0FF30154908600120A2
:1084B00014490860002014490860FEF781FC00F0B0
:1084C00093F812E0601C08B1012000E0002060B9C0
:1084D00000BF502072B680F31188BFF34F8FBFF3F7
:1084E0006F8F62B600BF00BFFEE706B010BD000090
:1084F00049444C4500000000CD79000844000020AC
:10850000400000202C0000202400002002480068C9
:10851000401C0149086070474800002010B52B48F6
:10852000006818B101202A4908604EE0002028495F
:108530000860FEF71EFD27490860084600682649C6
:10854000096888420BD92549096801F15400496D31
:10855000204A1268204B1B68D21A114401601D4842
:1085600000681D4908601E480068B0FA80F0C0F13C
:108570001F0101EB81001B4A52F8200008B10120C5
:1085800000E0002060B900BF502072B680F311886F
:10859000BFF34F8FBFF36F8F62B600BF00BFFEE720
:1085A00001EB81020F4B03EB82004268526842608C
:1085B00000F108024368934202D142685268426067
:1085C0004268D268054B1A6000BF10BD4800002009
:1085D00034000020500000204C000020100000203B
:1085E00028000020042600201CB53E4908460078DB
:1085F0000190FF200A4610700846007800909DF810
:10860000000000F0F0009DF80020904201D1012010
:1086100000E0002060B900BF502072B680F31188DE
:10862000BFF34F8FBFF36F8F62B600BF00BFFEE78F
:108630009DF8000000F050002B4A107007202B4AD4
:10864000106009E029480068401E284A10609DF823
:1086500000004006000E00909DF8000000F0800031
:108660008028EFD021480068C0F10700042801D11C
:10867000012000E0002060B900BF502072B680F3F6
:108680001188BFF34F8FBFF36F8F62B600BF00BF7B
:10869000FEE7164800680002144A10601046008881
:1086A00000F4E06010600F4A0198107010480068F4
:1086B00040F470000E4908600846006840F07040C1
:1086C0000860FFF705FE00200A490860F7F7AAFDD9
:1086D0000948006840F0404007490860F7F78EFD00
:1086E00000201CBD00E400E07000002074000020A9
:1086F00020ED00E06C00002034EF00E010B500BF7A
:10870000502072B680F31188BFF34F8FBFF36F8F85
:1087100062B600BF00F0B4F818B14FF080500449C1
:10872000086000BF002080F3118800BF10BD00006A
:1087300004ED00E02DE9FF4F85B0804689461746DD
:10874000DDE912ABB800FFF761FA064656B16020CA
:10875000FFF75CFA04460CB1266304E03046FFF7ED
:1087600069FD00E000248CB1002084F85D00CDE9B3
:1087700000ABCDE902403A4649464046089BFFF728
:108780003BF92046FFF73AF8012501E04FF0FF35AD
:10879000284609B0BDE8F08F2DE9F04F85B00746B7
:1087A000884691469A46DDE90EB6109C0EB101202E
:1087B00000E0002060B900BF502072B680F311883D
:1087C000BFF34F8FBFF36F8F62B600BF00BFFEE7EE
:1087D0000CB1012000E0002060B900BF502072B64B
:1087E00080F31188BFF34F8FBFF36F8F62B600BF66
:1087F00000BFFEE7602003900398602801D10120AC
:1088000000E0002060B900BF502072B680F31188EC
:10881000BFF34F8FBFF36F8F62B600BF00BFFEE79D
:1088200000BFB4B1AEB125462C462E63022085F8B8
:108830005D00002004A953464A46CDE900B1CDE9C8
:10884000025041463846FFF7D7F82846FEF7D6FFD4
:1088500001E000200490049805B0BDE8F08F00000E
:108860000549096809B9012005E00449096809B901
:10887000022000E0002070472C000020480000206B
:108880002DE9F0414FF0000845480068002879D1F3
:1088900044480068451C4348056025BB42480068C1
:1088A000006808B9012000E0002060B900BF502036
:1088B00072B680F31188BFF34F8FBFF36F8F62B62C
:1088C00000BF00BFFEE738480768384800683649EF
:1088D00008603648076036480068401C3449086024
:1088E000FFF756F900BF3348006885423CD300BF0C
:1088F0002D480068006808B9012000E0002020B180
:108900004FF0FF302B4908602DE027480068C06811
:10891000C4686668B54202D22648066023E0201D7E
:10892000FFF7E2FBA06A18B104F11800FFF7DCFBC7
:1089300094F82C10012088401F49096808431E49FB
:108940000860E16A01EB81011C4A02EB8100211DF4
:10895000FFF715FC1A49E06A0968C96A8842C7D35B
:108960004FF00108C4E700BF15480068C06A00EB7B
:108970008000124951F82000012801D94FF0010868
:1089800005E0FFE70F480068401C0E4908600E48EC
:10899000006808B14FF001084046BDE8F0810000D2
:1089A00048000020240000201400002018000020AF
:1089B000380000204000002028000020042600206D
:1089C00010000020300000203400002070B500248A
:1089D00000263748006860B900BF502072B680F3A7
:1089E0001188BFF34F8FBFF36F8F62B600BF00BF18
:1089F000FEE7FFF7D1FB2E480068401E2C490860B7
:108A00000846006800284FD12A48006800284BD04B
:108A100024E02948C068C46804F11800FFF764FB2B
:108A2000201DFFF761FB94F82C100120884023499A
:108A30000968084321490860E16A01EB8101204A85
:108A400002EB8100211DFFF79AFB1E49E06A0968CD
:108A5000C96A884202D301201B4908601648006891
:108A600008B9012000E000200028D2D00CB1FFF7A7
:108A70008FF81648056865B100BFFFF701FF10B118
:108A80000120114908606D1E002DF6D100200F490C
:108A900008600D48006838B1012630070C490860AD
:108AA000BFF34F8FBFF36F8FFFF7A4FB304670BD4E
:108AB0004800002020000020B826002028000020C8
:108AC0000426002010000020340000203000002088
:108AD00004ED00E00006101600061016000000006D
:108AE000000000000102030406070809000000005E
:108AF00001020304FFAA7600000000001C8B00089E
:108B000000000020D40C000028090008388D00085F
:108B1000D40C00208C2C04002C6A00084132104236
:108B200001035D24F41AAA010127E00A111213219E
:108B300022233132331A6402E11296FAB412890206
:108B4000617AB40A89482914A9060A11B402E96CA9
:108B5000011C232C011301014301201A7D0C226BFF
:108B6000DA0210DA0310DA0410411A02085AE20C91
:108B7000F11962613232420344801D440B11EEFF51
:108B80002944408345F22339383BC041381A0F4A03
:108B90002D9A99993E50969A99193F04DCB442D87F
:108BA000543A02703AD4381A2838366666E63E508F
:108BB0004DB81E053F994307433CFBFF1E545A0F17
:108BC0001C3970113A481C0A12F1A8113A521C12B1
:108BD0000A3A3C54AA3C543B8022C43CE2FF645411
:108BE000697049FC3AED382968F9A8113AC81C1493
:108BF000E2FF50CCCDCCCC38110A13FA38491C0A0C
:108C000013AF1CA2040B13BFD8C40B12B442FC490F
:108C10001C0A13EA1C89540B15B4C254398C120572
:108C20000912540B18D0411C3AD23814F6FF3C5E9E
:108C30006666E63E3C1C52023A961C3CD8FF321C4B
:108C4000AA501C4460864512283A501C326405FF25
:108C5000CDCC4C3F01FF01FF0113420344801D4472
:108C6000E3F1FF420144408345DAE21C39383BC05E
:108C70004138121E1232369A99993E32969A9919B3
:108C80003F04DCB442D8383A02703ABB3814E2FFF1
:108C900032366666E63E503DB81E053F701143070A
:108CA000433CFBFF1E545A0F1C3970113A481C09F3
:108CB00013A8113A521C120A3A3C545A3C383970E3
:108CC000115AFAA83A6454697049543A391C29680F
:108CD000F9A8113AC85414E2FF50DCCDCCCC383A94
:108CE000FA1CE938491C0A13AF1CA2040B13BFD8A5
:108CF000C40B12B442FC491C0A13EA1C89540B151C
:108D0000B4C254598C09125443D041DA051C49FCB1
:108D10003A9638121E12327C6666E6FC391C4460B4
:108D200086453CD8FF501C326405FFCDCC4C3F013A
:088D3000FF01FF015B000000E0
:04000005080001C925
:00000001FF
